Date,actual_bc,predicted_BC,previous_day_bc,Long/Short,Profit (pips),,,method 2 simulated profits
5/1/2020,1.0904,1.1014208,1.098,Long,-0.0076,1,0,-0.005
5/4/2020,1.0837,1.1045247,1.0904,Long,-0.0067,1,0,-0.005
5/5/2020,1.0795,1.0932764,1.0837,Long,-0.0042,0,0,-0.0042
5/6/2020,1.0835,1.0873591,1.0795,Long,0.004,0,0,0.004
5/7/2020,1.0837,1.0868074,1.0835,Long,0.0002,0,0,0.0002
5/8/2020,1.0809,1.0885876,1.0837,Long,-0.0028,0,0,-0.0028
5/11/2020,1.085,1.0942514,1.0809,Long,0.0041,0,0,0.0041
5/12/2020,1.0817,1.0885687,1.085,Long,-0.0033,0,0,-0.0033
5/13/2020,1.0807,1.0904391,1.0817,Long,-0.001,0,0,-0.001
5/14/2020,1.0818,1.0869659,1.0807,Long,0.0011,0,0,0.0011
5/15/2020,1.0915,1.0876321,1.0818,Long,0.0097,0,0,0.0097
5/18/2020,1.0923,1.0908574,1.0915,Short,-0.0008,0,0,-0.0008
5/19/2020,1.0979,1.097232,1.0923,Long,0.0056,0,0,0.0056
5/20/2020,1.0952,1.0988742,1.0979,Long,-0.0027,0,0,-0.0027
5/21/2020,1.0898,1.1010615,1.0952,Long,-0.0054,1,0,-0.005
5/22/2020,1.0983,1.0972116,1.0898,Long,0.0085,0,0,0.0085
5/26/2020,1.1009,1.0976857,1.0983,Short,-0.0026,0,0,-0.0026
5/27/2020,1.1078,1.1022407,1.1009,Long,0.0069,0,0,0.0069
5/28/2020,1.1103,1.1068329,1.1078,Short,-0.0025,0,0,-0.0025
5/29/2020,1.1135,1.1115762,1.1103,Long,0.0032,0,0,0.0032
6/1/2020,1.1168,1.1134101,1.1135,Short,-0.0033,0,0,-0.0033
6/2/2020,1.1235,1.115903,1.1168,Short,-0.0067,1,0,-0.005
6/3/2020,1.1336,1.1206841,1.1235,Short,-0.0101,1,0,-0.005
6/4/2020,1.1289,1.1267859,1.1336,Short,0.0047,0,0,0.0047
6/5/2020,1.1296,1.1303068,1.1289,Long,0.0007,0,0,0.0007
6/8/2020,1.1339,1.1280276,1.1296,Short,-0.0043,0,0,-0.0043
6/9/2020,1.1379,1.1287975,1.1339,Short,-0.004,0,0,-0.004
6/10/2020,1.1299,1.1326414,1.1379,Short,0.008,0,0,0.008
6/11/2020,1.1257,1.1264914,1.1299,Short,0.0042,0,0,0.0042
6/12/2020,1.1324,1.1254104,1.1257,Short,-0.0067,1,0,-0.005
6/15/2020,1.1264,1.1255132,1.1324,Short,0.006,0,0,0.006
6/16/2020,1.1243,1.1212459,1.1264,Short,0.0021,0,0,0.0021
6/17/2020,1.1203,1.1238275,1.1243,Short,0.004,0,0,0.004
6/18/2020,1.1179,1.121208,1.1203,Long,-0.0024,0,0,-0.0024
6/19/2020,1.1262,1.1196171,1.1179,Long,0.0083,0,0,0.0083
6/22/2020,1.1308,1.1204615,1.1262,Short,-0.0046,0,0,-0.0046
6/23/2020,1.1252,1.1260062,1.1308,Short,0.0056,0,0,0.0056
6/24/2020,1.1219,1.1255733,1.1252,Long,-0.0033,0,0,-0.0033
6/25/2020,1.122,1.1212745,1.1219,Short,-0.0001,0,0,-0.0001
6/26/2020,1.1243,1.1200229,1.122,Short,-0.0023,0,0,-0.0023
6/29/2020,1.1236,1.1217884,1.1243,Short,0.0007,0,0,0.0007
6/30/2020,1.1253,1.1212804,1.1236,Short,-0.0017,0,0,-0.0017
7/1/2020,1.124,1.1217669,1.1253,Short,0.0013,0,0,0.0013
7/2/2020,1.1309,1.1213459,1.124,Short,-0.0069,1,0,-0.005
7/6/2020,1.1275,1.1255368,1.1309,Short,0.0034,0,0,0.0034
7/7/2020,1.1329,1.1258984,1.1275,Short,-0.0054,1,0,-0.005
7/8/2020,1.1285,1.126464,1.1329,Short,0.0044,0,0,0.0044
7/9/2020,1.13,1.1273563,1.1285,Short,-0.0015,0,0,-0.0015
7/10/2020,1.1345,1.1253294,1.13,Short,-0.0045,0,0,-0.0045
7/13/2020,1.1401,1.1281139,1.1345,Short,-0.0056,1,0,-0.005
7/14/2020,1.1412,1.1319982,1.1401,Short,-0.0011,0,0,-0.0011
7/15/2020,1.1385,1.1339041,1.1412,Short,0.0027,0,0,0.0027
7/16/2020,1.1428,1.1228106,1.1385,Short,-0.0043,0,0,-0.0043
7/17/2020,1.1447,1.1335229,1.1428,Short,-0.0019,0,0,-0.0019
7/20/2020,1.1528,1.1344687,1.1447,Short,-0.0081,1,0,-0.005
7/21/2020,1.1571,1.1368837,1.1528,Short,-0.0043,0,0,-0.0043
7/22/2020,1.1598,1.1401953,1.1571,Short,-0.0027,0,0,-0.0027
7/23/2020,1.1656,1.1411726,1.1598,Short,-0.0058,1,0,-0.005
7/24/2020,1.1752,1.1431216,1.1656,Short,-0.0096,1,0,-0.005
7/27/2020,1.1716,1.1485192,1.1752,Short,0.0036,0,0,0.0036
7/28/2020,1.1791,1.1487807,1.1716,Short,-0.0075,1,0,-0.005
7/29/2020,1.1847,1.149489,1.1791,Short,-0.0056,1,0,-0.005
7/30/2020,1.1781,1.1494815,1.1847,Short,0.0066,0,0,0.0066
7/31/2020,1.1764,1.1505849,1.1781,Short,0.0017,0,0,0.0017
8/3/2020,1.1804,1.1487821,1.1764,Short,-0.004,0,0,-0.004
8/4/2020,1.1864,1.1467974,1.1804,Short,-0.006,1,0,-0.005
8/5/2020,1.1878,1.1508974,1.1864,Short,-0.0014,0,0,-0.0014
8/6/2020,1.1787,1.1515323,1.1878,Short,0.0091,0,0,0.0091
8/7/2020,1.1739,1.1445862,1.1787,Short,0.0048,0,0,0.0048
8/10/2020,1.1742,1.1504658,1.1739,Short,-0.0003,0,0,-0.0003
8/11/2020,1.1785,1.1454867,1.1742,Short,-0.0043,0,0,-0.0043
8/12/2020,1.1813,1.1564614,1.1785,Short,-0.0028,0,0,-0.0028
8/13/2020,1.1844,1.1587527,1.1813,Short,-0.0031,0,0,-0.0031
8/14/2020,1.187,1.1533858,1.1844,Short,-0.0026,0,0,-0.0026
8/17/2020,1.193,1.1601847,1.187,Short,-0.006,1,0,-0.005
8/18/2020,1.184,1.1611605,1.193,Short,0.009,0,0,0.009
8/19/2020,1.1861,1.1617612,1.184,Short,-0.0021,0,0,-0.0021
8/20/2020,1.1796,1.1576219,1.1861,Short,0.0065,0,0,0.0065
8/21/2020,1.1788,1.1563233,1.1796,Short,0.0008,0,0,0.0008
8/24/2020,1.1836,1.1556717,1.1788,Short,-0.0048,0,0,-0.0048
8/25/2020,1.1831,1.1579422,1.1836,Short,0.0005,0,0,0.0005
8/26/2020,1.1822,1.1587659,1.1831,Short,0.0009,0,0,0.0009
8/27/2020,1.1906,1.1784655,1.1822,Short,-0.0084,1,0,-0.005
8/28/2020,1.1937,1.1644084,1.1906,Short,-0.0031,0,0,-0.0031
8/31/2020,1.1912,1.1659533,1.1937,Short,0.0025,0,0,0.0025
9/1/2020,1.1857,1.1636493,1.1912,Short,0.0055,0,0,0.0055
9/2/2020,1.1853,1.159732,1.1857,Short,0.0004,0,0,0.0004
9/3/2020,1.1841,1.1562842,1.1853,Short,0.0012,0,0,0.0012
9/4/2020,1.1775,1.1569684,1.1841,Short,0.0066,0,0,0.0066
9/8/2020,1.1804,1.1577641,1.1775,Short,-0.0029,0,0,-0.0029
9/9/2020,1.1816,1.1587003,1.1804,Short,-0.0012,0,0,-0.0012
9/10/2020,1.1847,1.1534168,1.1816,Short,-0.0031,0,0,-0.0031
9/11/2020,1.1863,1.1604086,1.1847,Short,-0.0016,0,0,-0.0016
9/14/2020,1.1846,1.159973,1.1863,Short,0.0017,0,0,0.0017
9/15/2020,1.1817,1.1604527,1.1846,Short,0.0029,0,0,0.0029
9/16/2020,1.1849,1.1599272,1.1817,Short,-0.0032,0,0,-0.0032
9/17/2020,1.1842,1.1587934,1.1849,Short,0.0007,0,0,0.0007
9/18/2020,1.1771,1.1609805,1.1842,Short,0.0071,0,0,0.0071
9/21/2020,1.1708,1.1581526,1.1771,Short,0.0063,0,0,0.0063
9/22/2020,1.1662,1.1545286,1.1708,Short,0.0046,0,0,0.0046
9/23/2020,1.1669,1.1515495,1.1662,Short,-0.0007,0,0,-0.0007
9/24/2020,1.1631,1.1493963,1.1669,Short,0.0038,0,0,0.0038
9/25/2020,1.1666,1.1487036,1.1631,Short,-0.0035,0,0,-0.0035
9/28/2020,1.1744,1.1488373,1.1666,Short,-0.0078,1,0,-0.005
9/29/2020,1.1722,1.1517439,1.1744,Short,0.0022,0,0,0.0022
9/30/2020,1.1746,1.154359,1.1722,Short,-0.0024,0,0,-0.0024
10/1/2020,1.1718,1.1546307,1.1746,Short,0.0028,0,0,0.0028
10/2/2020,1.1786,1.1510193,1.1718,Short,-0.0068,1,0,-0.005
10/5/2020,1.1733,1.1594104,1.1786,Short,0.0053,0,0,0.0053
10/6/2020,1.1766,1.1598293,1.1733,Short,-0.0033,0,0,-0.0033
10/7/2020,1.1761,1.1606741,1.1766,Short,0.0005,0,0,0.0005
10/8/2020,1.1831,1.1600773,1.1761,Short,-0.007,1,0,-0.005
10/9/2020,1.1744,1.1621604,1.1831,Short,0.0087,0,0,0.0087
10/13/2020,1.1747,1.1594325,1.1744,Short,-0.0003,0,0,-0.0003
10/14/2020,1.1708,1.1523613,1.1747,Short,0.0039,0,0,0.0039
10/15/2020,1.1718,1.1562616,1.1708,Short,-0.001,0,0,-0.001
10/16/2020,1.1771,1.1472985,1.1718,Short,-0.0053,1,0,-0.005
10/19/2020,1.1824,1.158819,1.1771,Short,-0.0053,1,0,-0.005
10/20/2020,1.1862,1.1636598,1.1824,Short,-0.0038,0,0,-0.0038
10/21/2020,1.1821,1.1677703,1.1862,Short,0.0041,0,0,0.0041
10/22/2020,1.1862,1.1692134,1.1821,Short,-0.0041,0,0,-0.0041
10/23/2020,1.1809,1.1674982,1.1862,Short,0.0053,0,0,0.0053
10/26/2020,1.1797,1.1660202,1.1809,Short,0.0012,0,0,0.0012
10/27/2020,1.1746,1.163334,1.1797,Short,0.0051,0,0,0.0051
10/28/2020,1.1674,1.1607151,1.1746,Short,0.0072,0,0,0.0072
10/29/2020,1.1646,1.159682,1.1674,Short,0.0028,0,0,0.0028
10/30/2020,1.1641,1.1576655,1.1646,Short,0.0005,0,0,0.0005
11/2/2020,1.1722,1.1562853,1.1641,Short,-0.0081,1,0,-0.005
11/3/2020,1.1723,1.159026,1.1722,Short,-1.00E-04,0,0,-0.0001
11/4/2020,1.183,1.1566391,1.1723,Short,-0.0107,1,0,-0.005
11/5/2020,1.1876,1.1613108,1.183,Short,-0.0046,0,0,-0.0046
11/6/2020,1.1816,1.1644212,1.1876,Short,0.006,0,0,0.006
11/9/2020,1.1814,1.1743288,1.1816,Short,0.0002,0,0,0.0002
11/10/2020,1.1804,1.1715833,1.1814,Short,0.001,0,0,0.001
11/12/2020,1.1838,1.165799,1.1804,Short,-0.0034,0,0,-0.0034
11/13/2020,1.1853,1.1650783,1.1838,Short,-0.0015,0,0,-0.0015
11/16/2020,1.1863,1.1703573,1.1853,Short,-0.001,0,0,-0.001
11/17/2020,1.1856,1.1699746,1.1863,Short,0.0007,0,0,0.0007
11/18/2020,1.1873,1.1707315,1.1856,Short,-0.0017,0,0,-0.0017
11/19/2020,1.1856,1.1688417,1.1873,Short,0.0017,0,0,0.0017
11/20/2020,1.1842,1.1676689,1.1856,Short,0.0014,0,0,0.0014
11/23/2020,1.1893,1.1683785,1.1842,Short,-0.0051,1,0,-0.005
11/24/2020,1.1916,1.170375,1.1893,Short,-0.0023,0,0,-0.0023
11/25/2020,1.1963,1.173042,1.1916,Short,-0.0047,0,0,-0.0047
11/27/2020,1.1925,1.1727844,1.1963,Short,0.0038,0,0,0.0038
11/30/2020,1.2071,1.1745085,1.1925,Short,-0.0146,1,0,-0.005
12/1/2020,1.2118,1.1813341,1.2071,Short,-0.0047,0,0,-0.0047
12/2/2020,1.2148,1.1896671,1.2118,Short,-0.003,0,0,-0.003
12/3/2020,1.2121,1.1906945,1.2148,Short,0.0027,0,0,0.0027
12/4/2020,1.2108,1.1929451,1.2121,Short,0.0013,0,0,0.0013
12/7/2020,1.2106,1.1917832,1.2108,Short,0.0002,0,0,0.0002
12/8/2020,1.2084,1.189503,1.2106,Short,0.0022,0,0,0.0022
12/9/2020,1.2142,1.1905497,1.2084,Short,-0.0058,1,0,-0.005
12/10/2020,1.2111,1.1909606,1.2142,Short,0.0031,0,0,0.0031
12/11/2020,1.2143,1.1892232,1.2111,Short,-0.0032,0,0,-0.0032
12/14/2020,1.2154,1.1895014,1.2143,Short,-0.0011,0,0,-0.0011
12/15/2020,1.2201,1.1919533,1.2154,Short,-0.0047,0,0,-0.0047
12/16/2020,1.2269,1.1933793,1.2201,Short,-0.0068,1,0,-0.005
12/17/2020,1.2257,1.1981453,1.2269,Short,0.0012,0,0,0.0012
12/18/2020,1.2244,1.2011622,1.2257,Short,0.0013,0,0,0.0013
12/21/2020,1.2162,1.1982557,1.2244,Short,0.0082,0,0,0.0082
12/22/2020,1.2188,1.1961812,1.2162,Short,-0.0026,0,0,-0.0026
12/23/2020,1.2187,1.1971506,1.2188,Short,0.0001,0,0,0.0001
12/24/2020,1.2214,1.1959814,1.2187,Short,-0.0027,0,0,-0.0027
12/28/2020,1.225,1.1964396,1.2214,Short,-0.0036,0,0,-0.0036
12/29/2020,1.23,1.1985805,1.225,Short,-0.005,0,0,-0.005
12/30/2020,1.2215,1.1999384,1.23,Short,0.0085,0,0,0.0085
12/31/2020,1.2254,1.1994547,1.2215,Short,-0.0039,0,0,-0.0039
1/4/2021,1.2301,1.1988133,1.2254,Short,-0.0047,0,0,-0.0047
1/5/2021,1.2328,1.2024447,1.2301,Short,-0.0027,0,0,-0.0027
1/6/2021,1.2269,1.2132033,1.2328,Short,0.0059,0,0,0.0059
1/7/2021,1.222,1.2159516,1.2269,Short,0.0049,0,0,0.0049
1/8/2021,1.215,1.2136289,1.222,Short,0.007,0,0,0.007
1/11/2021,1.2208,1.2107297,1.215,Short,-0.0058,1,0,-0.005
1/12/2021,1.216,1.2094334,1.2208,Short,0.0048,0,0,0.0048
1/13/2021,1.2156,1.2073045,1.216,Short,0.0004,0,0,0.0004
1/14/2021,1.208,1.2075531,1.2156,Short,0.0076,0,0,0.0076
1/15/2021,1.213,1.2039006,1.208,Short,-0.005,0,0,-0.005
1/19/2021,1.2107,1.2018985,1.213,Short,0.0023,0,0,0.0023
1/20/2021,1.2167,1.2032331,1.2107,Short,-0.006,1,0,-0.005
1/21/2021,1.2174,1.2058029,1.2167,Short,-0.0007,0,0,-0.0007
1/22/2021,1.2143,1.2076437,1.2174,Short,0.0031,0,0,0.0031
1/25/2021,1.2162,1.2030967,1.2143,Short,-0.0019,0,0,-0.0019
1/26/2021,1.2113,1.2024262,1.2162,Short,0.0049,0,0,0.0049
1/27/2021,1.2123,1.2007567,1.2113,Short,-0.001,0,0,-0.001
1/28/2021,1.2138,1.2014666,1.2123,Short,-0.0015,0,0,-0.0015
1/29/2021,1.2061,1.204881,1.2138,Short,0.0077,0,0,0.0077
2/1/2021,1.2045,1.2021581,1.2061,Short,0.0016,0,0,0.0016
2/2/2021,1.2034,1.1986123,1.2045,Short,0.0011,0,0,0.0011
2/3/2021,1.1963,1.1984124,1.2034,Short,0.0071,0,0,0.0071
2/4/2021,1.2049,1.1964206,1.1963,Long,0.0086,0,0,0.0086
2/5/2021,1.2051,1.1978208,1.2049,Short,-0.0002,0,0,-0.0002
2/8/2021,1.2121,1.2014135,1.2051,Short,-0.007,1,0,-0.005
2/9/2021,1.212,1.2047976,1.2121,Short,1.00E-04,0,0,0.0001
2/10/2021,1.2133,1.207424,1.212,Short,-0.0013,0,0,-0.0013
2/11/2021,1.212,1.2085348,1.2133,Short,0.0013,0,0,0.0013
2/12/2021,1.2106,1.2094916,1.212,Short,0.0014,0,0,0.0014
2/16/2021,1.2043,1.2101442,1.2106,Short,0.0063,0,0,0.0063
2/17/2021,1.2094,1.2015218,1.2043,Short,-0.0051,1,0,-0.005
2/18/2021,1.212,1.2028705,1.2094,Short,-0.0026,0,0,-0.0026
2/19/2021,1.2159,1.2071202,1.212,Short,-0.0039,0,0,-0.0039
2/22/2021,1.2151,1.2092537,1.2159,Short,0.0008,0,0,0.0008
2/23/2021,1.217,1.2117313,1.2151,Short,-0.0019,0,0,-0.0019
2/24/2021,1.2175,1.2106439,1.217,Short,-0.0005,0,0,-0.0005
2/25/2021,1.2073,1.2140235,1.2175,Short,0.0102,0,1,0.0102
2/26/2021,1.2048,1.2083243,1.2073,Long,-0.0025,0,0,-0.0025
3/1/2021,1.209,1.201166,1.2048,Short,-0.0042,0,0,-0.0042
3/2/2021,1.2063,1.2001504,1.209,Short,0.0027,0,0,0.0027
3/3/2021,1.1972,1.2026285,1.2063,Short,0.0091,0,0,0.0091
3/4/2021,1.1912,1.19613,1.1972,Short,0.006,0,0,0.006
3/5/2021,1.1845,1.1902908,1.1912,Short,0.0067,0,0,0.0067
3/8/2021,1.1901,1.1825813,1.1845,Short,-0.0056,1,0,-0.005
3/9/2021,1.1928,1.1810738,1.1901,Short,-0.0027,0,0,-0.0027
3/10/2021,1.1985,1.184184,1.1928,Short,-0.0057,1,0,-0.005
3/11/2021,1.1954,1.1891799,1.1985,Short,0.0031,0,0,0.0031
3/12/2021,1.193,1.191348,1.1954,Short,0.0024,0,0,0.0024
3/15/2021,1.1905,1.1877238,1.193,Short,0.0025,0,0,0.0025
3/16/2021,1.1982,1.1854318,1.1905,Short,-0.0077,1,0,-0.005
3/17/2021,1.1918,1.1872784,1.1982,Short,0.0064,0,0,0.0064
3/18/2021,1.1906,1.1886777,1.1918,Short,0.0012,0,0,0.0012
3/19/2021,1.1933,1.1844245,1.1906,Short,-0.0027,0,0,-0.0027
3/22/2021,1.185,1.1860241,1.1933,Short,0.0083,0,0,0.0083
3/23/2021,1.1814,1.1831726,1.185,Short,0.0036,0,0,0.0036
3/24/2021,1.1764,1.1766363,1.1814,Short,0.005,0,0,0.005
3/25/2021,1.1796,1.1728257,1.1764,Short,-0.0032,0,0,-0.0032
3/26/2021,1.1764,1.1714721,1.1796,Short,0.0032,0,0,0.0032
3/29/2021,1.1718,1.1729895,1.1764,Short,0.0046,0,0,0.0046
3/30/2021,1.1731,1.1679046,1.1718,Short,-0.0013,0,0,-0.0013
3/31/2021,1.1779,1.1662134,1.1731,Short,-0.0048,0,0,-0.0048
4/1/2021,1.176,1.1683041,1.1779,Short,0.0019,0,0,0.0019
4/2/2021,1.1812,1.1703937,1.176,Short,-0.0052,1,0,-0.005
4/5/2021,1.1873,1.1717249,1.1812,Short,-0.0061,1,0,-0.005
4/6/2021,1.1872,1.1774004,1.1873,Short,1.00E-04,0,0,0.0001
4/7/2021,1.1918,1.181689,1.1872,Short,-0.0046,0,0,-0.0046
4/8/2021,1.1902,1.182761,1.1918,Short,0.0016,0,0,0.0016
4/9/2021,1.1912,1.1851962,1.1902,Short,-0.001,0,0,-0.001
4/12/2021,1.1949,1.1836218,1.1912,Short,-0.0037,0,0,-0.0037
4/13/2021,1.1981,1.1923916,1.1949,Short,-0.0032,0,0,-0.0032
4/14/2021,1.1966,1.1902856,1.1981,Short,0.0015,0,0,0.0015
4/15/2021,1.1982,1.1892077,1.1966,Short,-0.0016,0,0,-0.0016
4/16/2021,1.2038,1.1912142,1.1982,Short,-0.0056,1,0,-0.005
4/19/2021,1.2038,1.1943431,1.2038,Short,0,0,0,0
4/20/2021,1.2035,1.1988738,1.2038,Short,0.0003,0,0,0.0003
4/21/2021,1.2018,1.1969179,1.2035,Short,0.0017,0,0,0.0017
4/22/2021,1.2099,1.197343,1.2018,Short,-0.0081,1,0,-0.005
4/23/2021,1.2087,1.200073,1.2099,Short,0.0012,0,0,0.0012
4/26/2021,1.2091,1.2039268,1.2087,Short,-0.0004,0,0,-0.0004
4/27/2021,1.2126,1.2025329,1.2091,Short,-0.0035,0,0,-0.0035
4/28/2021,1.2122,1.2047268,1.2126,Short,0.0004,0,0,0.0004
4/29/2021,1.202,1.2072963,1.2122,Short,0.0102,0,1,0.0102
4/30/2021,1.2065,1.201975,1.202,Short,-0.0045,0,0,-0.0045
5/3/2021,1.2013,1.1989099,1.2065,Short,0.0052,0,0,0.0052
5/4/2021,1.2006,1.1980952,1.2013,Short,0.0007,0,0,0.0007
5/5/2021,1.2065,1.1949426,1.2006,Short,-0.0059,1,0,-0.005
5/6/2021,1.2163,1.1975633,1.2065,Short,-0.0098,1,0,-0.005
5/7/2021,1.2129,1.2057972,1.2163,Short,0.0034,0,0,0.0034
5/10/2021,1.215,1.2100462,1.2129,Short,-0.0021,0,0,-0.0021
5/11/2021,1.2072,1.2094826,1.215,Short,0.0078,0,0,0.0078
5/12/2021,1.2081,1.2139145,1.2072,Long,0.0009,0,0,0.0009
5/13/2021,1.2147,1.2035197,1.2081,Short,-0.0066,1,0,-0.005
5/14/2021,1.2151,1.2054247,1.2147,Short,-0.0004,0,0,-0.0004
5/17/2021,1.2225,1.2094885,1.2151,Short,-0.0074,1,0,-0.005
5/18/2021,1.2176,1.2138609,1.2225,Short,0.0049,0,0,0.0049
5/19/2021,1.2228,1.2155861,1.2176,Short,-0.0052,1,0,-0.005
5/20/2021,1.2181,1.2151142,1.2228,Short,0.0047,0,0,0.0047
5/21/2021,1.2216,1.2158648,1.2181,Short,-0.0035,0,0,-0.0035
5/24/2021,1.2251,1.2151843,1.2216,Short,-0.0035,0,0,-0.0035
5/25/2021,1.2194,1.2195565,1.2251,Short,0.0057,0,0,0.0057
5/26/2021,1.2193,1.2184362,1.2194,Short,1.00E-04,0,0,0.0001
5/27/2021,1.2194,1.2146283,1.2193,Short,-1.00E-04,0,0,-0.0001
5/28/2021,1.2215,1.2132847,1.2194,Short,-0.0021,0,0,-0.0021
6/1/2021,1.2212,1.2183901,1.2215,Short,0.0003,0,0,0.0003
6/2/2021,1.2127,1.2157608,1.2212,Short,0.0085,0,0,0.0085
6/3/2021,1.2167,1.2122679,1.2127,Short,-0.004,0,0,-0.004
6/4/2021,1.2189,1.2113985,1.2167,Short,-0.0022,0,0,-0.0022
6/7/2021,1.2172,1.2127866,1.2189,Short,0.0017,0,0,0.0017
6/8/2021,1.218,1.2135544,1.2172,Short,-0.0008,0,0,-0.0008
6/9/2021,1.2176,1.2144724,1.218,Short,0.0004,0,0,0.0004
6/10/2021,1.211,1.2202715,1.2176,Long,-0.0066,1,0,-0.005
6/11/2021,1.212,1.210136,1.211,Short,-0.001,0,0,-0.001
6/14/2021,1.2127,1.2061776,1.212,Short,-0.0007,0,0,-0.0007
6/15/2021,1.1997,1.2086948,1.2127,Short,0.013,0,1,0.013
6/16/2021,1.1906,1.201611,1.1997,Long,-0.0091,1,0,-0.005
6/17/2021,1.1864,1.1898383,1.1906,Short,0.0042,0,0,0.0042
6/18/2021,1.192,1.18369,1.1864,Short,-0.0056,1,0,-0.005
6/21/2021,1.1944,1.182726,1.192,Short,-0.0024,0,0,-0.0024
6/22/2021,1.1926,1.1866356,1.1944,Short,0.0018,0,0,0.0018
6/23/2021,1.193,1.1883835,1.1926,Short,-0.0004,0,0,-0.0004
6/24/2021,1.1938,1.1879038,1.193,Short,-0.0008,0,0,-0.0008
6/25/2021,1.1924,1.1887408,1.1938,Short,0.0014,0,0,0.0014
6/28/2021,1.1899,1.1870176,1.1924,Short,0.0025,0,0,0.0025
6/29/2021,1.1858,1.1852582,1.1899,Short,0.0041,0,0,0.0041
6/30/2021,1.1851,1.1823682,1.1858,Short,0.0007,0,0,0.0007
7/1/2021,1.1865,1.180128,1.1851,Short,-0.0014,0,0,-0.0014
7/2/2021,1.1823,1.1791922,1.1865,Short,0.0042,0,0,0.0042
7/6/2021,1.1791,1.1800104,1.1823,Short,0.0032,0,0,0.0032
7/7/2021,1.1847,1.1762797,1.1791,Short,-0.0056,1,0,-0.005
7/8/2021,1.1879,1.1774126,1.1847,Short,-0.0032,0,0,-0.0032
7/9/2021,1.1863,1.1806737,1.1879,Short,0.0016,0,0,0.0016
7/12/2021,1.1776,1.1812254,1.1863,Short,0.0087,0,0,0.0087
7/13/2021,1.1838,1.1816331,1.1776,Long,0.0062,0,0,0.0062
7/14/2021,1.181,1.1759177,1.1838,Short,0.0028,0,0,0.0028
7/15/2021,1.1805,1.1777424,1.181,Short,0.0005,0,0,0.0005
7/16/2021,1.18,1.1726693,1.1805,Short,0.0005,0,0,0.0005
7/19/2021,1.1783,1.1754751,1.18,Short,0.0017,0,0,0.0017
7/20/2021,1.1796,1.1738352,1.1783,Short,-0.0013,0,0,-0.0013
7/21/2021,1.177,1.1732346,1.1796,Short,0.0026,0,0,0.0026
7/22/2021,1.1771,1.174311,1.177,Short,-1.00E-04,0,0,-0.0001
7/23/2021,1.1803,1.1721202,1.1771,Short,-0.0032,0,0,-0.0032
7/26/2021,1.1818,1.1739904,1.1803,Short,-0.0015,0,0,-0.0015
7/27/2021,1.1844,1.1761388,1.1818,Short,-0.0026,0,0,-0.0026
7/28/2021,1.1888,1.1772989,1.1844,Short,-0.0044,0,0,-0.0044
7/29/2021,1.1868,1.1819637,1.1888,Short,0.002,0,0,0.002
7/30/2021,1.1873,1.183752,1.1868,Short,-0.0005,0,0,-0.0005
8/2/2021,1.1865,1.183523,1.1873,Short,0.0008,0,0,0.0008
8/3/2021,1.1839,1.1830168,1.1865,Short,0.0026,0,0,0.0026
8/4/2021,1.1834,1.1815852,1.1839,Short,0.0005,0,0,0.0005
8/5/2021,1.1764,1.1797464,1.1834,Short,0.007,0,0,0.007
8/6/2021,1.1736,1.1767298,1.1764,Long,-0.0028,0,0,-0.0028
8/9/2021,1.1722,1.1701111,1.1736,Short,0.0014,0,0,0.0014
8/10/2021,1.174,1.1673526,1.1722,Short,-0.0018,0,0,-0.0018
8/11/2021,1.1729,1.1674101,1.174,Short,0.0011,0,0,0.0011
8/12/2021,1.1797,1.1685566,1.1729,Short,-0.0068,1,0,-0.005
8/13/2021,1.1777,1.1713938,1.1797,Short,0.002,0,0,0.002
8/16/2021,1.1707,1.1738342,1.1777,Short,0.007,0,0,0.007
8/17/2021,1.1709,1.1698562,1.1707,Short,-0.0002,0,0,-0.0002
8/18/2021,1.1679,1.1665274,1.1709,Short,0.003,0,0,0.003
8/19/2021,1.1701,1.1644664,1.1679,Short,-0.0022,0,0,-0.0022
8/20/2021,1.1745,1.1636083,1.1701,Short,-0.0044,0,0,-0.0044
8/23/2021,1.1759,1.1670961,1.1745,Short,-0.0014,0,0,-0.0014
8/24/2021,1.1771,1.1698012,1.1759,Short,-0.0012,0,0,-0.0012
8/25/2021,1.1752,1.1704911,1.1771,Short,0.0019,0,0,0.0019
8/26/2021,1.1797,1.1713836,1.1752,Short,-0.0045,0,0,-0.0045
8/27/2021,1.1799,1.1720469,1.1797,Short,-0.0002,0,0,-0.0002
8/30/2021,1.1808,1.1749173,1.1799,Short,-0.0009,0,0,-0.0009
8/31/2021,1.1842,1.176521,1.1808,Short,-0.0034,0,0,-0.0034
9/1/2021,1.1874,1.1777967,1.1842,Short,-0.0032,0,0,-0.0032
9/2/2021,1.1879,1.1809196,1.1874,Short,-0.0005,0,0,-0.0005
9/3/2021,1.1843,1.183736,1.1879,Short,0.0036,0,0,0.0036
9/7/2021,1.1818,1.1811694,1.1843,Short,0.0025,0,0,0.0025
9/8/2021,1.1825,1.1781427,1.1818,Short,-0.0007,0,0,-0.0007
9/9/2021,1.181,1.1774836,1.1825,Short,0.0015,0,0,0.0015
9/10/2021,1.1811,1.1780773,1.181,Short,-1.00E-04,0,0,-0.0001
9/13/2021,1.1804,1.1752905,1.1811,Short,0.0007,0,0,0.0007
9/14/2021,1.1816,1.1771681,1.1804,Short,-0.0012,0,0,-0.0012
9/15/2021,1.1765,1.1766008,1.1816,Short,0.0051,0,0,0.0051
9/16/2021,1.1726,1.1710452,1.1765,Short,0.0039,0,0,0.0039
9/17/2021,1.1728,1.1702465,1.1726,Short,-0.0002,0,0,-0.0002
9/20/2021,1.1727,1.167312,1.1728,Short,1.00E-04,0,0,0.0001
9/21/2021,1.1688,1.1678417,1.1727,Short,0.0039,0,0,0.0039
9/22/2021,1.1739,1.1667764,1.1688,Short,-0.0051,1,0,-0.005
9/23/2021,1.1721,1.1663183,1.1739,Short,0.0018,0,0,0.0018
9/24/2021,1.1696,1.1672792,1.1721,Short,0.0025,0,0,0.0025
9/27/2021,1.1684,1.1651621,1.1696,Short,0.0012,0,0,0.0012
9/28/2021,1.1598,1.1629773,1.1684,Short,0.0086,0,0,0.0086
9/29/2021,1.1577,1.158677,1.1598,Short,0.0021,0,0,0.0021
9/30/2021,1.1594,1.1531683,1.1577,Short,-0.0017,0,0,-0.0017
10/1/2021,1.162,1.1529905,1.1594,Short,-0.0026,0,0,-0.0026
10/4/2021,1.1599,1.1554769,1.162,Short,0.0021,0,0,0.0021
10/5/2021,1.1559,1.1548823,1.1599,Short,0.004,0,0,0.004
10/6/2021,1.1553,1.1519159,1.1559,Short,0.0006,0,0,0.0006
10/7/2021,1.1577,1.1501833,1.1553,Short,-0.0024,0,0,-0.0024
10/8/2021,1.1531,1.1527219,1.1577,Short,0.0046,0,0,0.0046
10/12/2021,1.1596,1.1492062,1.1531,Short,-0.0065,1,0,-0.005
10/13/2021,1.16,1.1485702,1.1596,Short,-0.0004,0,0,-0.0004
10/14/2021,1.1599,1.1546478,1.16,Short,1.00E-04,0,0,0.0001
10/15/2021,1.1614,1.1511265,1.1599,Short,-0.0015,0,0,-0.0015
10/18/2021,1.1632,1.1547548,1.1614,Short,-0.0018,0,0,-0.0018
10/19/2021,1.165,1.1574651,1.1632,Short,-0.0018,0,0,-0.0018
10/20/2021,1.1626,1.1581292,1.165,Short,0.0024,0,0,0.0024
10/21/2021,1.1646,1.1585723,1.1626,Short,-0.002,0,0,-0.002
10/22/2021,1.161,1.1579801,1.1646,Short,0.0036,0,0,0.0036
10/25/2021,1.1596,1.1574115,1.161,Short,0.0014,0,0,0.0014
10/26/2021,1.1603,1.1549898,1.1596,Short,-0.0007,0,0,-0.0007
10/27/2021,1.1683,1.1553022,1.1603,Short,-0.008,1,0,-0.005
10/28/2021,1.1563,1.1586281,1.1683,Short,0.012,0,1,0.012
10/29/2021,1.1605,1.1570525,1.1563,Long,0.0042,0,0,0.0042
11/1/2021,1.158,1.1526362,1.1605,Short,0.0025,0,0,0.0025
11/2/2021,1.1611,1.1542367,1.158,Short,-0.0031,0,0,-0.0031
11/3/2021,1.1557,1.153819,1.1611,Short,0.0054,0,0,0.0054
11/4/2021,1.1567,1.1529384,1.1557,Short,-0.001,0,0,-0.001
11/5/2021,1.1587,1.1519369,1.1567,Short,-0.002,0,0,-0.002
11/8/2021,1.1596,1.1521388,1.1587,Short,-0.0009,0,0,-0.0009
11/9/2021,1.1478,1.1542329,1.1596,Short,0.0118,0,1,0.0118
11/10/2021,1.1444,1.1523998,1.1478,Long,-0.0034,0,0,-0.0034
11/12/2021,1.1366,1.1402236,1.1444,Short,0.0078,0,0,0.0078
11/15/2021,1.1321,1.1369334,1.1366,Long,-0.0045,0,0,-0.0045
11/16/2021,1.1319,1.126783,1.1321,Short,0.0002,0,0,0.0002
11/17/2021,1.1374,1.1271331,1.1319,Short,-0.0055,1,0,-0.005
11/18/2021,1.128,1.1305407,1.1374,Short,0.0094,0,0,0.0094
11/19/2021,1.1235,1.1288296,1.128,Long,-0.0045,0,0,-0.0045
11/22/2021,1.1248,1.1231164,1.1235,Short,-0.0013,0,0,-0.0013
11/23/2021,1.12,1.1212579,1.1248,Short,0.0048,0,0,0.0048
11/24/2021,1.1318,1.1193987,1.12,Short,-0.0118,1,0,-0.005
11/26/2021,1.1294,1.1234115,1.1318,Short,0.0024,0,0,0.0024
11/29/2021,1.134,1.1259041,1.1294,Short,-0.0046,0,0,-0.0046
11/30/2021,1.1321,1.1282817,1.134,Short,0.0019,0,0,0.0019
12/1/2021,1.1302,1.1299103,1.1321,Short,0.0019,0,0,0.0019
12/2/2021,1.1314,1.1285698,1.1302,Short,-0.0012,0,0,-0.0012
12/3/2021,1.1286,1.127498,1.1314,Short,0.0028,0,0,0.0028
12/6/2021,1.1267,1.1267565,1.1286,Short,0.0019,0,0,0.0019
12/7/2021,1.1343,1.1240776,1.1267,Short,-0.0076,1,0,-0.005
12/8/2021,1.1293,1.1273811,1.1343,Short,0.005,0,0,0.005
12/9/2021,1.1318,1.1284572,1.1293,Short,-0.0025,0,0,-0.0025
12/10/2021,1.1285,1.1266242,1.1318,Short,0.0033,0,0,0.0033
12/13/2021,1.126,1.1266667,1.1285,Short,0.0025,0,0,0.0025
12/14/2021,1.1292,1.1254252,1.126,Short,-0.0032,0,0,-0.0032
12/15/2021,1.1329,1.1236736,1.1292,Short,-0.0037,0,0,-0.0037
12/16/2021,1.1239,1.1281401,1.1329,Short,0.009,0,0,0.009
12/17/2021,1.1276,1.1266156,1.1239,Long,0.0037,0,0,0.0037
12/20/2021,1.1287,1.1234308,1.1276,Short,-0.0011,0,0,-0.0011
12/21/2021,1.1326,1.1250384,1.1287,Short,-0.0039,0,0,-0.0039
12/22/2021,1.1328,1.127208,1.1326,Short,-0.0002,0,0,-0.0002
12/23/2021,1.1327,1.1286983,1.1328,Short,1.00E-04,0,0,0.0001
12/27/2021,1.1311,1.1287339,1.1327,Short,0.0016,0,0,0.0016
12/28/2021,1.135,1.1282097,1.1311,Short,-0.0039,0,0,-0.0039
12/29/2021,1.1327,1.1289241,1.135,Short,0.0023,0,0,0.0023
12/30/2021,1.1373,1.1300339,1.1327,Short,-0.0046,0,0,-0.0046
