Date_Time,actual_BC,predicted_BC,previous_day_bc,Long/Short,Profit (pips),,,method 2 simulated profit,,,
1/26/2018,1.238960417,1.2423203,1.2435,Short,0.004539583,0,0,0.004539583,,,
1/29/2018,1.23955625,1.2382857,1.238960417,Short,-0.000595833,0,0,-0.000595833,,,
1/30/2018,1.2431675,1.2386731,1.23955625,Short,-0.00361125,0,0,-0.00361125,,,
1/31/2018,1.245228333,1.2421252,1.2431675,Short,-0.002060833,0,0,-0.002060833,,,
2/1/2018,1.2473625,1.2439072,1.245228333,Short,-0.002134167,0,0,-0.002134167,,,
2/2/2018,1.243012917,1.246178,1.2473625,Short,0.004349583,0,0,0.004349583,,,
2/5/2018,1.237603333,1.242263,1.243012917,Short,0.005409583,0,0,0.005409583,,,
2/6/2018,1.233144583,1.2368923,1.237603333,Short,0.00445875,0,0,0.00445875,,,
2/7/2018,1.2256675,1.2326386,1.233144583,Short,0.007477083,0,0,0.007477083,,,
2/8/2018,1.225080833,1.2249938,1.2256675,Short,0.000586667,0,0,0.000586667,,,
2/9/2018,1.227572083,1.2242657,1.225080833,Short,-0.00249125,0,0,-0.00249125,,,
2/12/2018,1.23315625,1.2267492,1.227572083,Short,-0.005584167,1,0,-0.005,,,
2/13/2018,1.238576667,1.2323873,1.23315625,Short,-0.005420417,1,0,-0.005,,,
2/14/2018,1.248040417,1.2549655,1.238576667,Long,0.00946375,0,0,0.00946375,,,
2/15/2018,1.247694167,1.2465185,1.248040417,Short,0.00034625,0,0,0.00034625,,,
2/16/2018,1.235525,1.2464293,1.247694167,Short,0.012169167,0,1,0.01,,,
2/20/2018,1.231557917,1.2349547,1.235525,Short,0.003967083,0,0,0.003967083,,,
2/21/2018,1.229973333,1.231022,1.231557917,Short,0.001584583,0,0,0.001584583,,,
2/22/2018,1.2301625,1.2292004,1.229973333,Short,-0.000189167,0,0,-0.000189167,,,
2/23/2018,1.23138875,1.2294713,1.2301625,Short,-0.00122625,0,0,-0.00122625,,,
2/26/2018,1.228932917,1.2306484,1.23138875,Short,0.002455833,0,0,0.002455833,,,
2/27/2018,1.221324583,1.2284209,1.228932917,Short,0.007608333,0,0,0.007608333,,,
2/28/2018,1.220625417,1.2206193,1.221324583,Short,0.000699167,0,0,0.000699167,,,
3/1/2018,1.229754583,1.2196646,1.220625417,Short,-0.009129167,1,0,-0.005,,,
3/2/2018,1.2320275,1.2289944,1.229754583,Short,-0.002272917,0,0,-0.002272917,,,
3/5/2018,1.237735417,1.2312657,1.2320275,Short,-0.005707917,1,0,-0.005,,,
3/6/2018,1.241232917,1.2368568,1.237735417,Short,-0.0034975,0,0,-0.0034975,,,
3/7/2018,1.236419167,1.240295,1.241232917,Short,0.00481375,0,0,0.00481375,,,
3/8/2018,1.2308408,1.2359766,1.236419167,Short,0.005578367,0,0,0.005578367,,,
3/9/2018,1.232189583,1.2301573,1.2308408,Short,-0.001348783,0,0,-0.001348783,,,
3/12/2018,1.235897083,1.2313813,1.232189583,Short,-0.0037075,0,0,-0.0037075,,,
3/13/2018,1.23792875,1.2351016,1.235897083,Short,-0.002031667,0,0,-0.002031667,,,
3/14/2018,1.23433,1.2387643,1.23792875,Long,-0.00359875,0,0,-0.00359875,,,
3/15/2018,1.229931667,1.2337447,1.23433,Short,0.004398333,0,0,0.004398333,,,
3/16/2018,1.230238333,1.2292563,1.229931667,Short,-0.000306667,0,0,-0.000306667,,,
3/19/2018,1.229550417,1.2293842,1.230238333,Short,0.000687917,0,0,0.000687917,,,
3/20/2018,1.228804583,1.22902,1.229550417,Short,0.000745833,0,0,0.000745833,,,
3/21/2018,1.233089167,1.2278465,1.228804583,Short,-0.004284583,0,0,-0.004284583,,,
3/22/2018,1.234357083,1.232376,1.233089167,Short,-0.001267917,0,0,-0.001267917,,,
3/23/2018,1.2412125,1.2336012,1.234357083,Short,-0.006855417,1,0,-0.005,,,
3/26/2018,1.241948333,1.2400947,1.2412125,Short,-0.000735833,0,0,-0.000735833,,,
3/27/2018,1.236605,1.2411195,1.241948333,Short,0.005343333,0,0,0.005343333,,,
3/28/2018,1.231006667,1.2360508,1.236605,Short,0.005598333,0,0,0.005598333,,,
3/29/2018,1.231459583,1.2302544,1.231006667,Short,-0.000452917,0,0,-0.000452917,,,
4/2/2018,1.228850833,1.2307104,1.231459583,Short,0.00260875,0,0,0.00260875,,,
4/3/2018,1.228396667,1.2281522,1.228850833,Short,0.000454167,0,0,0.000454167,,,
4/4/2018,1.225584583,1.2275778,1.228396667,Short,0.002812083,0,0,0.002812083,,,
4/5/2018,1.225660833,1.2248822,1.225584583,Short,-7.63E-05,0,0,-0.0000763,,,
4/6/2018,1.229724583,1.2248217,1.225660833,Short,-0.00406375,0,0,-0.00406375,,,
4/9/2018,1.233710417,1.2287987,1.229724583,Short,-0.003985833,0,0,-0.003985833,,,
4/10/2018,1.236959583,1.2343967,1.233710417,Long,0.003249167,0,0,0.003249167,,,
4/11/2018,1.233949583,1.2362121,1.236959583,Short,0.00301,0,0,0.00301,,,
4/12/2018,1.23281125,1.2332681,1.233949583,Short,0.001138333,0,0,0.001138333,,,
4/13/2018,1.236240417,1.232041,1.23281125,Short,-0.003429167,0,0,-0.003429167,,,
4/16/2018,1.237157917,1.2367073,1.236240417,Long,0.0009175,0,0,0.0009175,,,
4/17/2018,1.237568333,1.2364012,1.237157917,Short,-0.000410417,0,0,-0.000410417,,,
4/18/2018,1.236205417,1.2367128,1.237568333,Short,0.001362917,0,0,0.001362917,,,
4/19/2018,1.230473333,1.2354656,1.236205417,Short,0.005732083,0,0,0.005732083,,,
4/20/2018,1.223589583,1.2297803,1.230473333,Short,0.00688375,0,0,0.00688375,,,
4/23/2018,1.221895,1.2229431,1.223589583,Short,0.001694583,0,0,0.001694583,,,
4/24/2018,1.219135833,1.2209979,1.221895,Short,0.002759167,0,0,0.002759167,,,
4/25/2018,1.2147575,1.2185442,1.219135833,Short,0.004378333,0,0,0.004378333,,,
4/26/2018,1.21026375,1.2141583,1.2147575,Short,0.00449375,0,0,0.00449375,,,
4/27/2018,1.209956667,1.2095124,1.21026375,Short,0.000307083,0,0,0.000307083,,,
4/30/2018,1.20275375,1.2093467,1.209956667,Short,0.007202917,0,0,0.007202917,,,
5/1/2018,1.198324583,1.2025129,1.20275375,Short,0.004429167,0,0,0.004429167,,,
5/2/2018,1.198169583,1.1981274,1.198324583,Short,0.000155,0,0,0.000155,,,
5/3/2018,1.196432917,1.1977476,1.198169583,Short,0.001736667,0,0,0.001736667,,,
5/4/2018,1.193302083,1.1958882,1.196432917,Short,0.003130833,0,0,0.003130833,,,
5/7/2018,1.188393333,1.1931094,1.193302083,Short,0.00490875,0,0,0.00490875,,,
5/8/2018,1.185557917,1.188421,1.188393333,Long,-0.002835417,0,0,-0.002835417,,,
5/9/2018,1.189087917,1.1855853,1.185557917,Long,0.00353,0,0,0.00353,,,
5/10/2018,1.193385,1.1888367,1.189087917,Short,-0.004297083,0,0,-0.004297083,,,
5/11/2018,1.196105417,1.193047,1.193385,Short,-0.002720417,0,0,-0.002720417,,,
5/14/2018,1.188219167,1.1958778,1.196105417,Short,0.00788625,0,0,0.00788625,,,
5/15/2018,1.181256667,1.1885103,1.188219167,Long,-0.0069625,1,0,-0.005,,,
5/16/2018,1.180399167,1.181377,1.181256667,Long,-0.0008575,0,0,-0.0008575,,,
5/17/2018,1.178472917,1.1806338,1.180399167,Long,-0.00192625,0,0,-0.00192625,,,
5/18/2018,1.176112917,1.1786777,1.178472917,Long,-0.00236,0,0,-0.00236,,,
5/21/2018,1.178674167,1.1762649,1.176112917,Long,0.00256125,0,0,0.00256125,,,
5/22/2018,1.172126667,1.1789232,1.178674167,Long,-0.0065475,1,0,-0.005,,,
5/23/2018,1.171959583,1.17253,1.172126667,Long,-0.000167083,0,0,-0.000167083,,,
5/24/2018,1.16861375,1.1720761,1.171959583,Long,-0.003345833,0,0,-0.003345833,,,
5/25/2018,1.157003333,1.1688406,1.16861375,Long,-0.011610417,1,0,-0.005,,,
5/29/2018,1.161221667,1.1568999,1.157003333,Short,-0.004218333,0,0,-0.004218333,,,
5/30/2018,1.168093333,1.1607977,1.161221667,Short,-0.006871667,1,0,-0.005,,,
5/31/2018,1.167474583,1.1679252,1.168093333,Short,0.00061875,0,0,0.00061875,,,
6/1/2018,1.169959583,1.1680306,1.167474583,Long,0.002485,0,0,0.002485,,,
6/4/2018,1.169695417,1.1700042,1.169959583,Long,-0.000264167,0,0,-0.000264167,,,
6/5/2018,1.175685,1.1697437,1.169695417,Long,0.005989583,0,0,0.005989583,,,
6/6/2018,1.18071625,1.1757888,1.175685,Long,0.00503125,0,0,0.00503125,,,
6/7/2018,1.179037143,1.1807433,1.18071625,Long,-0.001679107,0,0,-0.001679107,,,
6/8/2018,1.179130833,1.1789341,1.179037143,Short,-9.37E-05,0,0,-0.0000937,,,
6/11/2018,1.1769525,1.179251,1.179130833,Long,-0.002178333,0,0,-0.002178333,,,
6/12/2018,1.1766225,1.1790801,1.1769525,Long,-0.00033,0,0,-0.00033,,,
6/13/2018,1.17066,1.1770705,1.1766225,Long,-0.0059625,1,0,-0.005,,,
6/14/2018,1.159042083,1.1679188,1.17066,Short,0.011617917,0,1,0.01,,,
6/15/2018,1.160190833,1.158966,1.159042083,Short,-0.00114875,0,0,-0.00114875,,,
6/18/2018,1.15852375,1.1602648,1.160190833,Long,-0.001667083,0,0,-0.001667083,,,
6/19/2018,1.157651667,1.1586916,1.15852375,Long,-0.000872083,0,0,-0.000872083,,,
6/20/2018,1.1577875,1.1577718,1.157651667,Long,0.000135833,0,0,0.000135833,,,
6/21/2018,1.164215417,1.1578251,1.1577875,Long,0.006427917,0,0,0.006427917,,,
6/22/2018,1.167330417,1.1642197,1.164215417,Long,0.003115,0,0,0.003115,,,
6/25/2018,1.167350417,1.1673524,1.167330417,Long,2.00E-05,0,0,0.00002,,,
6/26/2018,1.16102625,1.1675228,1.167350417,Long,-0.006324167,1,0,-0.005,,,
6/27/2018,1.156758333,1.1611011,1.16102625,Long,-0.004267917,0,0,-0.004267917,,,
6/28/2018,1.164947917,1.1566035,1.156758333,Short,-0.008189583,1,0,-0.005,,,
6/29/2018,1.16321875,1.164718,1.164947917,Short,0.001729167,0,0,0.001729167,,,
7/2/2018,1.164953333,1.1634201,1.16321875,Long,0.001734583,0,0,0.001734583,,,
7/3/2018,1.168582083,1.1649269,1.164953333,Short,-0.00362875,0,0,-0.00362875,,,
7/5/2018,1.172263333,1.1684638,1.168582083,Short,-0.00368125,0,0,-0.00368125,,,
7/6/2018,1.175933333,1.1720921,1.172263333,Short,-0.00367,0,0,-0.00367,,,
7/9/2018,1.173400833,1.1758965,1.175933333,Short,0.0025325,0,0,0.0025325,,,
7/10/2018,1.170865833,1.1734797,1.173400833,Long,-0.002535,0,0,-0.002535,,,
7/11/2018,1.1673575,1.1715661,1.170865833,Long,-0.003508333,0,0,-0.003508333,,,
7/12/2018,1.165913333,1.1674409,1.1673575,Long,-0.001444167,0,0,-0.001444167,,,
7/13/2018,1.17024,1.1658626,1.165913333,Short,-0.004326667,0,0,-0.004326667,,,
7/16/2018,1.16921625,1.1685919,1.17024,Short,0.00102375,0,0,0.00102375,,,
7/17/2018,1.16385,1.1694921,1.16921625,Long,-0.00536625,1,0,-0.005,,,
7/18/2018,1.162707917,1.164025,1.16385,Long,-0.001142083,0,0,-0.001142083,,,
7/19/2018,1.16853125,1.162794,1.162707917,Long,0.005823333,0,0,0.005823333,,,
7/20/2018,1.1710375,1.1685448,1.16853125,Long,0.00250625,0,0,0.00250625,,,
7/23/2018,1.168834583,1.1714597,1.1710375,Long,-0.002202917,0,0,-0.002202917,,,
7/24/2018,1.169746667,1.169151,1.168834583,Long,0.000912083,0,0,0.000912083,,,
7/25/2018,1.168975417,1.1699046,1.169746667,Long,-0.00077125,0,0,-0.00077125,,,
7/26/2018,1.1647275,1.1695489,1.168975417,Long,-0.004247917,0,0,-0.004247917,,,
7/27/2018,1.168624583,1.1649965,1.1647275,Long,0.003897083,0,0,0.003897083,,,
7/30/2018,1.17077,1.1688689,1.168624583,Long,0.002145417,0,0,0.002145417,,,
7/31/2018,1.167505,1.1711481,1.17077,Long,-0.003265,0,0,-0.003265,,,
8/1/2018,1.16189,1.1679711,1.167505,Long,-0.005615,1,0,-0.005,,,
8/2/2018,1.158026667,1.1623921,1.16189,Long,-0.003863333,0,0,-0.003863333,,,
8/3/2018,1.155557917,1.1583692,1.158026667,Long,-0.00246875,0,0,-0.00246875,,,
8/6/2018,1.15847125,1.1557766,1.155557917,Long,0.002913333,0,0,0.002913333,,,
8/7/2018,1.160399583,1.1586643,1.15847125,Long,0.001928333,0,0,0.001928333,,,
8/8/2018,1.157584583,1.160777,1.160399583,Long,-0.002815,0,0,-0.002815,,,
8/9/2018,1.144829167,1.1580182,1.157584583,Long,-0.012755417,1,0,-0.005,,,
8/10/2018,1.13927,1.1447642,1.144829167,Short,0.005559167,0,0,0.005559167,,,
8/13/2018,1.138036667,1.1387615,1.13927,Short,0.001233333,0,0,0.001233333,,,
8/14/2018,1.133085833,1.1375883,1.138036667,Short,0.004950833,0,0,0.004950833,,,
8/15/2018,1.1373425,1.1255776,1.133085833,Short,-0.004256667,0,0,-0.004256667,,,
8/16/2018,1.140335,1.1367054,1.1373425,Short,-0.0029925,0,0,-0.0029925,,,
8/17/2018,1.1440625,1.1397454,1.140335,Short,-0.0037275,0,0,-0.0037275,,,
8/20/2018,1.153815,1.1435815,1.1440625,Short,-0.0097525,1,0,-0.005,,,
8/21/2018,1.158716667,1.1538116,1.153815,Short,-0.004901667,0,0,-0.004901667,,,
8/22/2018,1.155777083,1.1588528,1.158716667,Long,-0.002939583,0,0,-0.002939583,,,
8/23/2018,1.159185,1.1559129,1.155777083,Long,0.003407917,0,0,0.003407917,,,
8/24/2018,1.16455375,1.159109,1.159185,Short,-0.00536875,1,0,-0.005,,,
8/27/2018,1.1696025,1.1647478,1.16455375,Long,0.00504875,0,0,0.00504875,,,
8/28/2018,1.168712917,1.1698469,1.1696025,Long,-0.000889583,0,0,-0.000889583,,,
8/29/2018,1.16804,1.1640873,1.168712917,Short,0.000672917,0,0,0.000672917,,,
8/30/2018,1.163757917,1.168378,1.16804,Long,-0.004282083,0,0,-0.004282083,,,
8/31/2018,1.157767083,1.1641957,1.163757917,Long,-0.005990833,1,0,-0.005,,,
9/4/2018,1.160318333,1.1581594,1.157767083,Long,0.00255125,0,0,0.00255125,,,
9/5/2018,1.162874167,1.1606106,1.160318333,Long,0.002555833,0,0,0.002555833,,,
9/6/2018,1.15954,1.1632729,1.162874167,Long,-0.003334167,0,0,-0.003334167,,,
9/7/2018,1.157785833,1.1600674,1.15954,Long,-0.001754167,0,0,-0.001754167,,,
9/10/2018,1.159506667,1.1581016,1.157785833,Long,0.001720833,0,0,0.001720833,,,
9/11/2018,1.160428333,1.1599921,1.159506667,Long,0.000921667,0,0,0.000921667,,,
9/12/2018,1.16544875,1.1608781,1.160428333,Long,0.005020417,0,0,0.005020417,,,
9/13/2018,1.16684375,1.1658663,1.16544875,Long,0.001395,0,0,0.001395,,,
9/14/2018,1.166277083,1.1675287,1.16684375,Long,-0.000566667,0,0,-0.000566667,,,
9/17/2018,1.16833125,1.1667124,1.166277083,Long,0.002054167,0,0,0.002054167,,,
9/18/2018,1.16768,1.1689602,1.16833125,Long,-0.00065125,0,0,-0.00065125,,,
9/19/2018,1.17308375,1.1683326,1.16768,Long,0.00540375,0,0,0.00540375,,,
9/20/2018,1.176201667,1.1734701,1.17308375,Long,0.003117917,0,0,0.003117917,,,
9/21/2018,1.17542875,1.1768019,1.176201667,Long,-0.000772917,0,0,-0.000772917,,,
9/24/2018,1.176219167,1.1760143,1.17542875,Long,0.000790417,0,0,0.000790417,,,
9/25/2018,1.175365,1.1767105,1.176219167,Long,-0.000854167,0,0,-0.000854167,,,
9/26/2018,1.1690775,1.1759908,1.175365,Long,-0.0062875,1,0,-0.005,,,
9/27/2018,1.161445417,1.1699892,1.1690775,Long,-0.007632083,1,0,-0.005,,,
9/28/2018,1.158906667,1.1621823,1.161445417,Long,-0.00253875,0,0,-0.00253875,,,
10/1/2018,1.154666667,1.1596373,1.158906667,Long,-0.00424,0,0,-0.00424,,,
10/2/2018,1.153941667,1.1553236,1.154666667,Long,-0.000725,0,0,-0.000725,,,
10/3/2018,1.149722917,1.1546574,1.153941667,Long,-0.00421875,0,0,-0.00421875,,,
10/4/2018,1.151225,1.1500778,1.149722917,Long,0.001502083,0,0,0.001502083,,,
10/5/2018,1.147867917,1.1518753,1.151225,Long,-0.003357083,0,0,-0.003357083,,,
10/9/2018,1.151397083,1.1482278,1.147867917,Long,0.003529167,0,0,0.003529167,,,
10/10/2018,1.156834583,1.1519078,1.151397083,Long,0.0054375,0,0,0.0054375,,,
10/11/2018,1.157365833,1.1574308,1.156834583,Long,0.00053125,0,0,0.00053125,,,
10/12/2018,1.157404167,1.1581129,1.157365833,Long,3.83E-05,0,0,0.0000383,,,
10/15/2018,1.15802625,1.1580441,1.157404167,Long,0.000622083,0,0,0.000622083,,,
10/16/2018,1.1538,1.1587598,1.15802625,Long,-0.00422625,0,0,-0.00422625,,,
10/17/2018,1.148742917,1.1546314,1.1538,Long,-0.005057083,1,0,-0.005,,,
10/18/2018,1.14808125,1.1493274,1.148742917,Long,-0.000661667,0,0,-0.000661667,,,
10/19/2018,1.149019583,1.1483871,1.14808125,Long,0.000938333,0,0,0.000938333,,,
10/22/2018,1.146751667,1.1496328,1.149019583,Long,-0.002267917,0,0,-0.002267917,,,
10/23/2018,1.141884583,1.1470779,1.146751667,Long,-0.004867083,0,0,-0.004867083,,,
10/24/2018,1.139262083,1.1421875,1.141884583,Long,-0.0026225,0,0,-0.0026225,,,
10/25/2018,1.137290476,1.1392127,1.139262083,Short,0.001971607,0,0,0.001971607,,,
10/26/2018,1.13859125,1.1371382,1.137290476,Short,-0.001300774,0,0,-0.001300774,,,
10/29/2018,1.136220417,1.1386192,1.13859125,Long,-0.002370833,0,0,-0.002370833,,,
10/30/2018,1.132981667,1.1360928,1.136220417,Short,0.00323875,0,0,0.00323875,,,
10/31/2018,1.137890417,1.1326822,1.132981667,Short,-0.00490875,0,0,-0.00490875,,,
11/1/2018,1.140804348,1.1376314,1.137890417,Short,-0.002913931,0,0,-0.002913931,,,
11/2/2018,1.13918,1.1408823,1.140804348,Long,-0.001624348,0,0,-0.001624348,,,
11/5/2018,1.141318333,1.1391189,1.13918,Short,-0.002138333,0,0,-0.002138333,,,
11/6/2018,1.145790833,1.1413032,1.141318333,Short,-0.0044725,0,0,-0.0044725,,,
11/7/2018,1.141005833,1.1461434,1.145790833,Long,-0.004785,0,0,-0.004785,,,
11/8/2018,1.1341025,1.1411934,1.141005833,Long,-0.006903333,1,0,-0.005,,,
11/9/2018,1.1259275,1.1322948,1.1341025,Short,0.008175,0,0,0.008175,,,
11/13/2018,1.129914167,1.1248682,1.1259275,Short,-0.003986667,0,0,-0.003986667,,,
11/14/2018,1.13198125,1.1294799,1.129914167,Short,-0.002067083,0,0,-0.002067083,,,
11/15/2018,1.1369725,1.1241492,1.13198125,Short,-0.00499125,0,0,-0.00499125,,,
11/16/2018,1.142795833,1.1366806,1.1369725,Short,-0.005823333,1,0,-0.005,,,
11/19/2018,1.141337917,1.1429609,1.142795833,Long,-0.001457917,0,0,-0.001457917,,,
11/20/2018,1.138677917,1.1416724,1.141337917,Long,-0.00266,0,0,-0.00266,,,
11/21/2018,1.136510833,1.1387526,1.138677917,Long,-0.002167083,0,0,-0.002167083,,,
11/23/2018,1.13449375,1.1366447,1.136510833,Long,-0.002017083,0,0,-0.002017083,,,
11/26/2018,1.131112083,1.1343347,1.13449375,Short,0.003381667,0,0,0.003381667,,,
11/27/2018,1.130944583,1.1309116,1.131112083,Short,0.0001675,0,0,0.0001675,,,
11/28/2018,1.13785875,1.1304642,1.130944583,Short,-0.006914167,1,0,-0.005,,,
11/29/2018,1.135699167,1.1378193,1.13785875,Short,0.002159583,0,0,0.002159583,,,
11/30/2018,1.1349225,1.1357747,1.135699167,Long,-0.000776667,0,0,-0.000776667,,,
12/3/2018,1.13673875,1.1347375,1.1349225,Short,-0.00181625,0,0,-0.00181625,,,
12/4/2018,1.13571125,1.1367298,1.13673875,Short,0.0010275,0,0,0.0010275,,,
12/6/2018,1.138320833,1.135511,1.13571125,Short,-0.002609583,0,0,-0.002609583,,,
12/7/2018,1.139709167,1.1382867,1.138320833,Short,-0.001388333,0,0,-0.001388333,,,
12/10/2018,1.135094167,1.1398686,1.139709167,Long,-0.004615,0,0,-0.004615,,,
12/11/2018,1.13467,1.1339382,1.135094167,Short,0.000424167,0,0,0.000424167,,,
12/12/2018,1.136414167,1.1343442,1.13467,Short,-0.001744167,0,0,-0.001744167,,,
12/13/2018,1.13159375,1.1364154,1.136414167,Long,-0.004820417,0,0,-0.004820417,,,
12/14/2018,1.1331675,1.127512,1.13159375,Short,-0.00157375,0,0,-0.00157375,,,
12/17/2018,1.1363225,1.1327233,1.1331675,Short,-0.003155,0,0,-0.003155,,,
12/18/2018,1.1395575,1.1360985,1.1363225,Short,-0.003235,0,0,-0.003235,,,
12/19/2018,1.1431775,1.1394527,1.1395575,Short,-0.00362,0,0,-0.00362,,,
12/20/2018,1.141429167,1.1431615,1.1431775,Short,0.001748333,0,0,0.001748333,,,
12/21/2018,1.139827727,1.1416421,1.141429167,Long,-0.001601439,0,0,-0.001601439,,,
12/24/2018,1.14030125,1.1396998,1.139827727,Short,-0.000473523,0,0,-0.000473523,,,
12/27/2018,1.144898333,1.1401676,1.14030125,Short,-0.004597083,0,0,-0.004597083,,,
12/28/2018,1.144241364,1.1449487,1.144898333,Long,-0.00065697,0,0,-0.00065697,,,
12/31/2018,1.140019167,1.1442842,1.144241364,Long,-0.004222197,0,0,-0.004222197,,,
1/2/2019,1.1373425,1.140174,1.140019167,Long,-0.002676667,0,0,-0.002676667,,,
1/3/2019,1.13987375,1.1368326,1.1373425,Short,-0.00253125,0,0,-0.00253125,,,
1/4/2019,1.144708333,1.1396149,1.13987375,Short,-0.004834583,0,0,-0.004834583,,,
1/7/2019,1.144557083,1.1446157,1.144708333,Short,0.00015125,0,0,0.00015125,,,
1/8/2019,1.149015417,1.1446675,1.144557083,Long,0.004458333,0,0,0.004458333,,,
1/9/2019,1.152766667,1.1492003,1.149015417,Long,0.00375125,0,0,0.00375125,,,
1/10/2019,1.15011375,1.1533788,1.152766667,Long,-0.002652917,0,0,-0.002652917,,,
1/11/2019,1.14694125,1.1505321,1.15011375,Long,-0.0031725,0,0,-0.0031725,,,
1/14/2019,1.143977083,1.1470957,1.14694125,Long,-0.002964167,0,0,-0.002964167,,,
1/15/2019,1.139913333,1.1441799,1.143977083,Long,-0.00406375,0,0,-0.00406375,,,
1/16/2019,1.1389875,1.139959,1.139913333,Long,-0.000925833,0,0,-0.000925833,,,
1/17/2019,1.138300417,1.138913,1.1389875,Short,0.000687083,0,0,0.000687083,,,
1/18/2019,1.135952083,1.1382749,1.138300417,Short,0.002348333,0,0,0.002348333,,,
1/22/2019,1.137089167,1.1356989,1.135952083,Short,-0.001137083,0,0,-0.001137083,,,
1/23/2019,1.134652083,1.1368212,1.137089167,Short,0.002437083,0,0,0.002437083,,,
1/24/2019,1.13592,1.1343622,1.134652083,Short,-0.001267917,0,0,-0.001267917,,,
1/25/2019,1.141902917,1.1354136,1.13592,Short,-0.005982917,1,0,-0.005,,,
1/28/2019,1.143004583,1.1419123,1.141902917,Long,0.001101667,0,0,0.001101667,,,
1/29/2019,1.14408125,1.1430203,1.143004583,Long,0.001076667,0,0,0.001076667,,,
1/30/2019,1.147637083,1.1440318,1.14408125,Short,-0.003555833,0,0,-0.003555833,,,
1/31/2019,1.14562,1.1477953,1.147637083,Long,-0.002017083,0,0,-0.002017083,,,
2/1/2019,1.14413625,1.1456461,1.14562,Long,-0.00148375,0,0,-0.00148375,,,
2/4/2019,1.141915417,1.1442735,1.14413625,Long,-0.002220833,0,0,-0.002220833,,,
2/5/2019,1.138415417,1.141951,1.141915417,Long,-0.0035,0,0,-0.0035,,,
2/6/2019,1.13493,1.1382998,1.138415417,Short,0.003485417,0,0,0.003485417,,,
2/7/2019,1.13325875,1.134581,1.13493,Short,0.00167125,0,0,0.00167125,,,
2/8/2019,1.129985417,1.1327777,1.13325875,Short,0.003273333,0,0,0.003273333,,,
2/11/2019,1.12972875,1.1294681,1.129985417,Short,0.000256667,0,0,0.000256667,,,
2/12/2019,1.130376667,1.1289859,1.12972875,Short,-0.000647917,0,0,-0.000647917,,,
2/13/2019,1.128175833,1.129967,1.130376667,Short,0.002200833,0,0,0.002200833,,,
2/14/2019,1.128115833,1.1273696,1.128175833,Short,6.00E-05,0,0,0.00006,,,
2/15/2019,1.13149875,1.127374,1.128115833,Short,-0.003382917,0,0,-0.003382917,,,
2/19/2019,1.134554167,1.1309264,1.13149875,Short,-0.003055417,0,0,-0.003055417,,,
2/20/2019,1.134012083,1.1340872,1.134554167,Short,0.000542083,0,0,0.000542083,,,
2/21/2019,1.133815833,1.1336323,1.134012083,Short,0.00019625,0,0,0.00019625,,,
2/22/2019,1.135154167,1.1333622,1.133815833,Short,-0.001338333,0,0,-0.001338333,,,
2/25/2019,1.136862917,1.1347519,1.135154167,Short,-0.00170875,0,0,-0.00170875,,,
2/26/2019,1.13799,1.1364533,1.136862917,Short,-0.001127083,0,0,-0.001127083,,,
2/27/2019,1.138177917,1.1378694,1.13799,Short,-0.000187917,0,0,-0.000187917,,,
2/28/2019,1.137125833,1.1381043,1.138177917,Short,0.001052083,0,0,0.001052083,,,
3/1/2019,1.134425417,1.137057,1.137125833,Short,0.002700417,0,0,0.002700417,,,
3/4/2019,1.131908333,1.1341857,1.134425417,Short,0.002517083,0,0,0.002517083,,,
3/5/2019,1.130435833,1.1315134,1.131908333,Short,0.0014725,0,0,0.0014725,,,
3/6/2019,1.126260417,1.1298816,1.130435833,Short,0.004175417,0,0,0.004175417,,,
3/7/2019,1.1218708,1.1256825,1.126260417,Short,0.004389617,0,0,0.004389617,,,
3/8/2019,1.1240625,1.1206988,1.1218708,Short,-0.0021917,0,0,-0.0021917,,,
3/11/2019,1.127395833,1.1164563,1.1240625,Short,-0.003333333,0,0,-0.003333333,,,
3/12/2019,1.130244583,1.126596,1.127395833,Short,-0.00284875,0,0,-0.00284875,,,
3/13/2019,1.131005833,1.1295643,1.130244583,Short,-0.00076125,0,0,-0.00076125,,,
3/14/2019,1.131969583,1.1305434,1.131005833,Short,-0.00096375,0,0,-0.00096375,,,
3/15/2019,1.133850417,1.1314019,1.131969583,Short,-0.001880833,0,0,-0.001880833,,,
3/18/2019,1.134893333,1.1333131,1.133850417,Short,-0.001042917,0,0,-0.001042917,,,
3/19/2019,1.136911667,1.1344522,1.134893333,Short,-0.002018333,0,0,-0.002018333,,,
3/20/2019,1.13917,1.136366,1.136911667,Short,-0.002258333,0,0,-0.002258333,,,
3/21/2019,1.13223,1.139009,1.13917,Short,0.00694,0,0,0.00694,,,
3/22/2019,1.130902083,1.13187,1.13223,Short,0.001327917,0,0,0.001327917,,,
3/25/2019,1.129595833,1.1302947,1.130902083,Short,0.00130625,0,0,0.00130625,,,
3/26/2019,1.125945833,1.1290836,1.129595833,Short,0.00365,0,0,0.00365,,,
3/27/2019,1.12378875,1.1252342,1.125945833,Short,0.002157083,0,0,0.002157083,,,
3/28/2019,1.122571667,1.1230142,1.12378875,Short,0.001217083,0,0,0.001217083,,,
3/29/2019,1.122315833,1.1217405,1.122571667,Short,0.000255833,0,0,0.000255833,,,
4/1/2019,1.120015417,1.121446,1.122315833,Short,0.002300417,0,0,0.002300417,,,
4/2/2019,1.12341625,1.1190149,1.120015417,Short,-0.003400833,0,0,-0.003400833,,,
4/3/2019,1.122770417,1.1224214,1.12341625,Short,0.000645833,0,0,0.000645833,,,
4/4/2019,1.122254167,1.1218897,1.122770417,Short,0.00051625,0,0,0.00051625,,,
4/5/2019,1.12456625,1.121337,1.122254167,Short,-0.002312083,0,0,-0.002312083,,,
4/8/2019,1.12683625,1.1236378,1.12456625,Short,-0.00227,0,0,-0.00227,,,
4/9/2019,1.12661875,1.126046,1.12683625,Short,0.0002175,0,0,0.0002175,,,
4/10/2019,1.126837083,1.1261879,1.12661875,Short,-0.000218333,0,0,-0.000218333,,,
4/11/2019,1.129869167,1.1250535,1.126837083,Short,-0.003032083,0,0,-0.003032083,,,
4/12/2019,1.130715,1.129146,1.129869167,Short,-0.000845833,0,0,-0.000845833,,,
4/15/2019,1.12949625,1.1300772,1.130715,Short,0.00121875,0,0,0.00121875,,,
4/16/2019,1.130115,1.1288507,1.12949625,Short,-0.00061875,0,0,-0.00061875,,,
4/17/2019,1.125715417,1.1294185,1.130115,Short,0.004399583,0,0,0.004399583,,,
4/18/2019,1.124965833,1.1185893,1.125715417,Short,0.000749583,0,0,0.000749583,,,
4/22/2019,1.123290833,1.1240462,1.124965833,Short,0.001675,0,0,0.001675,,,
4/23/2019,1.119095,1.1223704,1.123290833,Short,0.004195833,0,0,0.004195833,,,
4/24/2019,1.114129167,1.118116,1.119095,Short,0.004965833,0,0,0.004965833,,,
4/25/2019,1.114436667,1.1127563,1.114129167,Short,-0.0003075,0,0,-0.0003075,,,
4/26/2019,1.116536667,1.1130602,1.114436667,Short,-0.0021,0,0,-0.0021,,,
4/29/2019,1.120427083,1.1152186,1.116536667,Short,-0.003890417,0,0,-0.003890417,,,
4/30/2019,1.122005833,1.1193448,1.120427083,Short,-0.00157875,0,0,-0.00157875,,,
5/1/2019,1.119106667,1.1211226,1.122005833,Short,0.002899167,0,0,0.002899167,,,
5/2/2019,1.117570833,1.118092,1.119106667,Short,0.001535833,0,0,0.001535833,,,
5/3/2019,1.119379167,1.1161038,1.117570833,Short,-0.001808333,0,0,-0.001808333,,,
5/6/2019,1.119336667,1.1182805,1.119379167,Short,4.25E-05,0,0,0.0000425,,,
5/7/2019,1.119835417,1.1183451,1.119336667,Short,-0.00049875,0,0,-0.00049875,,,
5/8/2019,1.120545417,1.1187756,1.119835417,Short,-0.00071,0,0,-0.00071,,,
5/9/2019,1.123260417,1.119533,1.120545417,Short,-0.002715,0,0,-0.002715,,,
5/10/2019,1.12330875,1.1223272,1.123260417,Short,-4.83E-05,0,0,-0.0000483,,,
5/13/2019,1.122147083,1.1224349,1.12330875,Short,0.001161667,0,0,0.001161667,,,
5/14/2019,1.120280417,1.1212891,1.122147083,Short,0.001866667,0,0,0.001866667,,,
5/15/2019,1.119255,1.1192852,1.120280417,Short,0.001025417,0,0,0.001025417,,,
5/16/2019,1.116855,1.1182672,1.119255,Short,0.0024,0,0,0.0024,,,
5/17/2019,1.11615125,1.1157244,1.116855,Short,0.00070375,0,0,0.00070375,,,
5/20/2019,1.1157825,1.1149557,1.11615125,Short,0.00036875,0,0,0.00036875,,,
5/21/2019,1.115811667,1.1145691,1.1157825,Short,-2.92E-05,0,0,-0.0000292,,,
5/22/2019,1.115794,1.1146252,1.115811667,Short,1.77E-05,0,0,0.0000177,,,
5/23/2019,1.119393333,1.1144601,1.115794,Short,-0.003599333,0,0,-0.003599333,,,
5/24/2019,1.117860833,1.1183572,1.119393333,Short,0.0015325,0,0,0.0015325,,,
5/28/2019,1.114835417,1.116837,1.117860833,Short,0.003025417,0,0,0.003025417,,,
5/29/2019,1.1134075,1.1137102,1.114835417,Short,0.001427917,0,0,0.001427917,,,
5/30/2019,1.115025833,1.1121992,1.1134075,Short,-0.001618333,0,0,-0.001618333,,,
5/31/2019,1.120300833,1.1139659,1.115025833,Short,-0.005275,1,0,-0.005,,,
6/3/2019,1.12503625,1.1194687,1.120300833,Short,-0.004735417,0,0,-0.004735417,,,
6/4/2019,1.125227917,1.124349,1.12503625,Short,-0.000191667,0,0,-0.000191667,,,
6/5/2019,1.12561375,1.124565,1.125227917,Short,-0.000385833,0,0,-0.000385833,,,
6/6/2019,1.1297075,1.1247367,1.12561375,Short,-0.00409375,0,0,-0.00409375,,,
6/7/2019,1.130930417,1.1288663,1.1297075,Short,-0.001222917,0,0,-0.001222917,,,
6/10/2019,1.131939583,1.1301833,1.130930417,Short,-0.001009167,0,0,-0.001009167,,,
6/11/2019,1.131458333,1.1311575,1.131939583,Short,0.00048125,0,0,0.00048125,,,
6/12/2019,1.128447083,1.1306974,1.131458333,Short,0.00301125,0,0,0.00301125,,,
6/13/2019,1.124430417,1.1276963,1.128447083,Short,0.004016667,0,0,0.004016667,,,
6/14/2019,1.122069583,1.12378,1.124430417,Short,0.002360833,0,0,0.002360833,,,
6/17/2019,1.120689583,1.1212338,1.122069583,Short,0.00138,0,0,0.00138,,,
6/18/2019,1.120964167,1.1199372,1.120689583,Short,-0.000274583,0,0,-0.000274583,,,
6/19/2019,1.128614167,1.1200081,1.120964167,Short,-0.00765,1,0,-0.005,,,
6/20/2019,1.13269,1.1276298,1.128614167,Short,-0.004075833,0,0,-0.004075833,,,
6/21/2019,1.1387775,1.1315465,1.13269,Short,-0.0060875,1,0,-0.005,,,
6/24/2019,1.138428333,1.1377151,1.1387775,Short,0.000349167,0,0,0.000349167,,,
6/25/2019,1.136505,1.1374747,1.138428333,Short,0.001923333,0,0,0.001923333,,,
6/26/2019,1.13667625,1.1355456,1.136505,Short,-0.00017125,0,0,-0.00017125,,,
6/27/2019,1.13728125,1.1357517,1.13667625,Short,-0.000605,0,0,-0.000605,,,
6/28/2019,1.1319525,1.1363316,1.13728125,Short,0.00532875,0,0,0.00532875,,,
7/1/2019,1.12916625,1.1312999,1.1319525,Short,0.00278625,0,0,0.00278625,,,
7/2/2019,1.128450833,1.1284215,1.12916625,Short,0.000715417,0,0,0.000715417,,,
7/3/2019,1.124785,1.1278026,1.128450833,Short,0.003665833,0,0,0.003665833,,,
7/5/2019,1.121972917,1.1241429,1.124785,Short,0.002812083,0,0,0.002812083,,,
7/8/2019,1.120745,1.1212287,1.121972917,Short,0.001227917,0,0,0.001227917,,,
7/9/2019,1.123241667,1.1199182,1.120745,Short,-0.002496667,0,0,-0.002496667,,,
7/10/2019,1.126285417,1.1222528,1.123241667,Short,-0.00304375,0,0,-0.00304375,,,
7/11/2019,1.126285,1.1298032,1.126285417,Long,-4.17E-07,0,0,-0.000000417,,,
7/12/2019,1.126628333,1.1252538,1.126285,Short,-0.000343333,0,0,-0.000343333,,,
7/15/2019,1.123010833,1.1257141,1.126628333,Short,0.0036175,0,0,0.0036175,,,
7/16/2019,1.121809167,1.1164927,1.123010833,Short,0.001201667,0,0,0.001201667,,,
7/17/2019,1.123905,1.1208389,1.121809167,Short,-0.002095833,0,0,-0.002095833,,,
7/18/2019,1.1237675,1.1228892,1.123905,Short,0.0001375,0,0,0.0001375,,,
7/19/2019,1.12149125,1.1228787,1.1237675,Short,0.00227625,0,0,0.00227625,,,
7/22/2019,1.117105833,1.1205245,1.12149125,Short,0.004385417,0,0,0.004385417,,,
7/23/2019,1.114251667,1.1160563,1.117105833,Short,0.002854167,0,0,0.002854167,,,
7/24/2019,1.1140625,1.1130192,1.114251667,Short,0.000189167,0,0,0.000189167,,,
7/25/2019,1.113396667,1.1128274,1.1140625,Short,0.000665833,0,0,0.000665833,,,
7/26/2019,1.113281667,1.1121155,1.113396667,Short,0.000115,0,0,0.000115,,,
7/29/2019,1.114682917,1.1119238,1.113281667,Short,-0.00140125,0,0,-0.00140125,,,
7/30/2019,1.112817083,1.1133679,1.114682917,Short,0.001865833,0,0,0.001865833,,,
7/31/2019,1.105627083,1.1117162,1.112817083,Short,0.00719,0,0,0.00719,,,
8/1/2019,1.109735833,1.1046233,1.105627083,Short,-0.00410875,0,0,-0.00410875,,,
8/2/2019,1.116949167,1.1087563,1.109735833,Short,-0.007213333,1,0,-0.005,,,
8/5/2019,1.120127917,1.1160283,1.116949167,Short,-0.00317875,0,0,-0.00317875,,,
8/6/2019,1.120662917,1.1197349,1.120127917,Short,-0.000535,0,0,-0.000535,,,
8/7/2019,1.12005375,1.1201969,1.120662917,Short,0.000609167,0,0,0.000609167,,,
8/8/2019,1.119937083,1.1197156,1.12005375,Short,0.000116667,0,0,0.000116667,,,
8/9/2019,1.120512083,1.1193215,1.119937083,Short,-0.000575,0,0,-0.000575,,,
8/12/2019,1.118942083,1.1202894,1.120512083,Short,0.00157,0,0,0.00157,,,
8/13/2019,1.116015417,1.1148869,1.118942083,Short,0.002926667,0,0,0.002926667,,,
8/14/2019,1.11288,1.115892,1.116015417,Short,0.003135417,0,0,0.003135417,,,
8/15/2019,1.109185833,1.1078647,1.11288,Short,0.003694167,0,0,0.003694167,,,
8/16/2019,1.109146667,1.1093167,1.109185833,Long,-3.92E-05,0,0,-0.0000392,,,
8/19/2019,1.1087775,1.1090338,1.109146667,Short,0.000369167,0,0,0.000369167,,,
8/20/2019,1.109393333,1.1088119,1.1087775,Long,0.000615833,0,0,0.000615833,,,
8/21/2019,1.10839875,1.1093084,1.109393333,Short,0.000994583,0,0,0.000994583,,,
8/22/2019,1.109719167,1.1082187,1.10839875,Short,-0.001320417,0,0,-0.001320417,,,
8/23/2019,1.111757917,1.109821,1.109719167,Long,0.00203875,0,0,0.00203875,,,
8/26/2019,1.109931667,1.1119473,1.111757917,Long,-0.00182625,0,0,-0.00182625,,,
8/27/2019,1.108410833,1.1102335,1.109931667,Long,-0.001520833,0,0,-0.001520833,,,
8/28/2019,1.10691,1.1088917,1.108410833,Long,-0.001500833,0,0,-0.001500833,,,
8/29/2019,1.101937917,1.1073943,1.10691,Long,-0.004972083,0,0,-0.004972083,,,
8/30/2019,1.095248333,1.1026238,1.101937917,Long,-0.006689583,1,0,-0.005,,,
9/3/2019,1.10085,1.0959749,1.095248333,Long,0.005601667,0,0,0.005601667,,,
9/4/2019,1.103912917,1.101292,1.10085,Long,0.003062917,0,0,0.003062917,,,
9/5/2019,1.103377083,1.103963,1.103912917,Long,-0.000535833,0,0,-0.000535833,,,
9/6/2019,1.103958333,1.1035763,1.103377083,Long,0.00058125,0,0,0.00058125,,,
9/9/2019,1.104287917,1.1037369,1.103958333,Short,-0.000329583,0,0,-0.000329583,,,
9/10/2019,1.101982917,1.1037999,1.104287917,Short,0.002305,0,0,0.002305,,,
9/11/2019,1.103068333,1.1003494,1.101982917,Short,-0.001085417,0,0,-0.001085417,,,
9/12/2019,1.107825417,1.0979124,1.103068333,Short,-0.004757083,0,0,-0.004757083,,,
9/13/2019,1.103410417,1.1040235,1.107825417,Short,0.004415,0,0,0.004415,,,
9/16/2019,1.103639583,1.1028463,1.103410417,Short,-0.000229167,0,0,-0.000229167,,,
9/17/2019,1.10513625,1.1027921,1.103639583,Short,-0.001496667,0,0,-0.001496667,,,
9/18/2019,1.104778333,1.1045016,1.10513625,Short,0.000357917,0,0,0.000357917,,,
9/19/2019,1.103269167,1.1040852,1.104778333,Short,0.001509167,0,0,0.001509167,,,
9/20/2019,1.099740417,1.1028098,1.103269167,Short,0.00352875,0,0,0.00352875,,,
9/23/2019,1.100084167,1.099361,1.099740417,Short,-0.00034375,0,0,-0.00034375,,,
9/24/2019,1.09752875,1.0998539,1.100084167,Short,0.002555417,0,0,0.002555417,,,
9/25/2019,1.093894167,1.0971122,1.09752875,Short,0.003634583,0,0,0.003634583,,,
9/26/2019,1.093147083,1.0936489,1.093894167,Short,0.000747083,0,0,0.000747083,,,
9/27/2019,1.09149375,1.0928645,1.093147083,Short,0.001653333,0,0,0.001653333,,,
9/30/2019,1.090729167,1.0915109,1.09149375,Long,-0.000764583,0,0,-0.000764583,,,
10/1/2019,1.09405125,1.090678,1.090729167,Short,-0.003322083,0,0,-0.003322083,,,
10/2/2019,1.096380417,1.0940081,1.09405125,Short,-0.002329167,0,0,-0.002329167,,,
10/3/2019,1.0976425,1.0965781,1.096380417,Long,0.001262083,0,0,0.001262083,,,
10/4/2019,1.097922917,1.0972008,1.0976425,Short,-0.000280417,0,0,-0.000280417,,,
10/7/2019,1.096885833,1.0979844,1.097922917,Long,-0.001037083,0,0,-0.001037083,,,
10/8/2019,1.09726625,1.0970484,1.096885833,Long,0.000380417,0,0,0.000380417,,,
10/9/2019,1.098655,1.097131,1.09726625,Short,-0.00138875,0,0,-0.00138875,,,
10/10/2019,1.10292125,1.0981442,1.098655,Short,-0.00426625,0,0,-0.00426625,,,
10/11/2019,1.102517917,1.1020546,1.10292125,Short,0.000403333,0,0,0.000403333,,,
10/15/2019,1.10495875,1.1015664,1.102517917,Short,-0.002440833,0,0,-0.002440833,,,
10/16/2019,1.110483333,1.1039747,1.10495875,Short,-0.005524583,1,0,-0.005,,,
10/17/2019,1.1139975,1.1093868,1.110483333,Short,-0.003514167,0,0,-0.003514167,,,
10/18/2019,1.11551625,1.1128769,1.1139975,Short,-0.00151875,0,0,-0.00151875,,,
10/21/2019,1.1139,1.114432,1.11551625,Short,0.00161625,0,0,0.00161625,,,
10/22/2019,1.11219875,1.1128824,1.1139,Short,0.00170125,0,0,0.00170125,,,
10/23/2019,1.112077083,1.1111475,1.11219875,Short,0.000121667,0,0,0.000121667,,,
10/24/2019,1.1095225,1.1110498,1.112077083,Short,0.002554583,0,0,0.002554583,,,
10/25/2019,1.109151667,1.1084342,1.1095225,Short,0.000370833,0,0,0.000370833,,,
10/28/2019,1.10984125,1.1078298,1.109151667,Short,-0.000689583,0,0,-0.000689583,,,
10/29/2019,1.11214375,1.1084963,1.10984125,Short,-0.0023025,0,0,-0.0023025,,,
10/30/2019,1.115616667,1.1108277,1.11214375,Short,-0.003472917,0,0,-0.003472917,,,
10/31/2019,1.115976522,1.1145785,1.115616667,Short,-0.000359855,0,0,-0.000359855,,,
11/1/2019,1.115250417,1.1148161,1.115976522,Short,0.000726105,0,0,0.000726105,,,
11/4/2019,1.110130417,1.1140261,1.115250417,Short,0.00512,0,0,0.00512,,,
11/5/2019,1.10757625,1.1087734,1.110130417,Short,0.002554167,0,0,0.002554167,,,
11/6/2019,1.106049583,1.1062776,1.10757625,Short,0.001526667,0,0,0.001526667,,,
11/7/2019,1.103403333,1.1044581,1.106049583,Short,0.00264625,0,0,0.00264625,,,
11/8/2019,1.102055833,1.1017951,1.103403333,Short,0.0013475,0,0,0.0013475,,,
11/12/2019,1.100865833,1.1004838,1.102055833,Short,0.00119,0,0,0.00119,,,
11/13/2019,1.100687917,1.0968956,1.100865833,Short,0.000177917,0,0,0.000177917,,,
11/14/2019,1.103630417,1.0983742,1.100687917,Short,-0.0029425,0,0,-0.0029425,,,
11/15/2019,1.1065475,1.099749,1.103630417,Short,-0.002917083,0,0,-0.002917083,,,
11/18/2019,1.107446667,1.1052581,1.1065475,Short,-0.000899167,0,0,-0.000899167,,,
11/19/2019,1.106878333,1.1062123,1.107446667,Short,0.000568333,0,0,0.000568333,,,
11/20/2019,1.10726625,1.1058408,1.106878333,Short,-0.000387917,0,0,-0.000387917,,,
11/21/2019,1.104732083,1.1061015,1.10726625,Short,0.002534167,0,0,0.002534167,,,
11/22/2019,1.101599583,1.1037132,1.104732083,Short,0.0031325,0,0,0.0031325,,,
11/25/2019,1.101601667,1.1005802,1.101599583,Short,-2.08E-06,0,0,-0.00000208,,,
11/26/2019,1.100612083,1.1006446,1.101601667,Short,0.000989583,0,0,0.000989583,,,
11/27/2019,1.101002917,1.097323,1.100612083,Short,-0.000390833,0,0,-0.000390833,,,
11/29/2019,1.104036667,1.099954,1.101002917,Short,-0.00303375,0,0,-0.00303375,,,
12/2/2019,1.10782,1.1026573,1.104036667,Short,-0.003783333,0,0,-0.003783333,,,
12/3/2019,1.107899167,1.10679,1.10782,Short,-7.92E-05,0,0,-0.0000792,,,
12/4/2019,1.109230417,1.1067684,1.107899167,Short,-0.00133125,0,0,-0.00133125,,,
12/5/2019,1.108118333,1.1078687,1.109230417,Short,0.001112083,0,0,0.001112083,,,
12/6/2019,1.106353333,1.1065017,1.108118333,Short,0.001765,0,0,0.001765,,,
12/9/2019,1.107886667,1.105006,1.106353333,Short,-0.001533333,0,0,-0.001533333,,,
12/10/2019,1.109698333,1.106471,1.107886667,Short,-0.001811667,0,0,-0.001811667,,,
12/11/2019,1.113408333,1.105882,1.109698333,Short,-0.00371,0,0,-0.00371,,,
12/12/2019,1.115305,1.1118313,1.113408333,Short,-0.001896667,0,0,-0.001896667,,,
12/13/2019,1.11387,1.1141605,1.115305,Short,0.001435,0,0,0.001435,,,
12/16/2019,1.114836667,1.1123749,1.11387,Short,-0.000966667,0,0,-0.000966667,,,
12/17/2019,1.112541667,1.1133255,1.114836667,Short,0.002295,0,0,0.002295,,,
12/18/2019,1.112462917,1.1110196,1.112541667,Short,7.87E-05,0,0,0.0000787,,,
12/19/2019,1.109729583,1.1108423,1.112462917,Short,0.002733333,0,0,0.002733333,,,
12/20/2019,1.108399167,1.1082102,1.109729583,Short,0.001330417,0,0,0.001330417,,,
12/23/2019,1.108382273,1.1067551,1.108399167,Short,1.69E-05,0,0,0.0000169,,,
12/24/2019,1.1093875,1.1068314,1.108382273,Short,-0.001005227,0,0,-0.001005227,,,
12/26/2019,1.114796667,1.1078404,1.1093875,Short,-0.005409167,1,0,-0.005,,,
12/27/2019,1.119849583,1.1131598,1.114796667,Short,-0.005052917,1,0,-0.005,,,
12/30/2019,1.121564091,1.1184126,1.119849583,Short,-0.001714508,0,0,-0.001714508,,,
12/31/2019,1.11918125,1.1200674,1.121564091,Short,0.002382841,0,0,0.002382841,,,
1/2/2020,1.11585,1.1178801,1.11918125,Short,0.00333125,0,0,0.00333125,,,
1/3/2020,1.1182575,1.1145914,1.11585,Short,-0.0024075,0,0,-0.0024075,,,
1/6/2020,1.11661375,1.1168648,1.1182575,Short,0.00164375,0,0,0.00164375,,,
1/7/2020,1.112984167,1.1153405,1.11661375,Short,0.003629583,0,0,0.003629583,,,
1/8/2020,1.110955833,1.1114916,1.112984167,Short,0.002028333,0,0,0.002028333,,,
1/9/2020,1.110782083,1.1094307,1.110955833,Short,0.00017375,0,0,0.00017375,,,
1/10/2020,1.112780417,1.1093243,1.110782083,Short,-0.001998333,0,0,-0.001998333,,,
1/13/2020,1.113035,1.1113142,1.112780417,Short,-0.000254583,0,0,-0.000254583,,,
1/14/2020,1.114172917,1.1116592,1.113035,Short,-0.001137917,0,0,-0.001137917,,,
1/15/2020,1.114603333,1.1128261,1.114172917,Short,-0.000430417,0,0,-0.000430417,,,
1/16/2020,1.111262917,1.1113147,1.114603333,Short,0.003340417,0,0,0.003340417,,,
1/17/2020,1.109449583,1.109906,1.111262917,Short,0.001813333,0,0,0.001813333,,,
1/21/2020,1.108460417,1.1082042,1.109449583,Short,0.000989167,0,0,0.000989167,,,
1/22/2020,1.107212083,1.1072664,1.108460417,Short,0.001248333,0,0,0.001248333,,,
1/23/2020,1.10370625,1.1062815,1.107212083,Short,0.003505833,0,0,0.003505833,,,
1/24/2020,1.10228625,1.1028879,1.10370625,Short,0.00142,0,0,0.00142,,,
1/27/2020,1.101516667,1.1017979,1.10228625,Short,0.000769583,0,0,0.000769583,,,
1/28/2020,1.100700833,1.1008455,1.101516667,Short,0.000815833,0,0,0.000815833,,,
1/29/2020,1.102203333,1.1003101,1.100700833,Short,-0.0015025,0,0,-0.0015025,,,
1/30/2020,1.105187917,1.1018548,1.102203333,Short,-0.002984583,0,0,-0.002984583,,,
1/31/2020,1.106739583,1.104878,1.105187917,Short,-0.001551667,0,0,-0.001551667,,,
2/3/2020,1.104935833,1.1065246,1.106739583,Short,0.00180375,0,0,0.00180375,,,
2/4/2020,1.101808333,1.1044432,1.104935833,Short,0.0031275,0,0,0.0031275,,,
2/5/2020,1.099009583,1.1012037,1.101808333,Short,0.00279875,0,0,0.00279875,,,
2/6/2020,1.0961175,1.0985162,1.099009583,Short,0.002892083,0,0,0.002892083,,,
2/7/2020,1.09348375,1.0960045,1.0961175,Short,0.00263375,0,0,0.00263375,,,
2/10/2020,1.0914225,1.0936822,1.09348375,Long,-0.00206125,0,0,-0.00206125,,,
2/11/2020,1.089955833,1.0914508,1.0914225,Long,-0.001466667,0,0,-0.001466667,,,
2/12/2020,1.085935833,1.089957,1.089955833,Long,-0.00402,0,0,-0.00402,,,
2/13/2020,1.083952917,1.0861225,1.085935833,Long,-0.001982917,0,0,-0.001982917,,,
2/14/2020,1.081520833,1.0842841,1.083952917,Long,-0.002432083,0,0,-0.002432083,,,
2/18/2020,1.079839583,1.0823178,1.081520833,Long,-0.00168125,0,0,-0.00168125,,,
2/19/2020,1.079500417,1.079903,1.079839583,Long,-0.000339167,0,0,-0.000339167,,,
2/20/2020,1.08182375,1.0806237,1.079500417,Long,0.002323333,0,0,0.002323333,,,
2/21/2020,1.08339875,1.0829512,1.08182375,Long,0.001575,0,0,0.001575,,,
2/24/2020,1.085995833,1.0849935,1.08339875,Long,0.002597083,0,0,0.002597083,,,
2/25/2020,1.08768875,1.087582,1.085995833,Long,0.001692917,0,0,0.001692917,,,
2/26/2020,1.09519625,1.0892357,1.08768875,Long,0.0075075,0,0,0.0075075,,,
2/27/2020,1.100640417,1.0963504,1.09519625,Long,0.005444167,0,0,0.005444167,,,
2/28/2020,1.11039875,1.1020659,1.100640417,Long,0.009758333,0,0,0.009758333,,,
3/2/2020,1.11448625,1.1112581,1.11039875,Long,0.0040875,0,0,0.0040875,,,
3/3/2020,1.11436375,1.1205698,1.11448625,Long,-0.0001225,0,0,-0.0001225,,,
3/4/2020,1.117577083,1.114997,1.11436375,Long,0.003213333,0,0,0.003213333,,,
3/5/2020,1.1291972,1.1177489,1.117577083,Long,0.011620117,0,1,0.01,,,
3/6/2020,1.142107083,1.1211793,1.1291972,Short,-0.012909883,1,0,-0.005,,,
3/9/2020,1.134648333,1.1273366,1.142107083,Short,0.00745875,0,0,0.00745875,,,
3/10/2020,1.13067,1.129205,1.134648333,Short,0.003978333,0,0,0.003978333,,,
3/11/2020,1.122745417,1.1226662,1.13067,Short,0.007924583,0,0,0.007924583,,,
3/12/2020,1.1149825,1.1216205,1.122745417,Short,0.007762917,0,0,0.007762917,,,
3/13/2020,1.115299583,1.1152093,1.1149825,Long,0.000317083,0,0,0.000317083,,,
3/16/2020,1.1061675,1.114605,1.115299583,Short,0.009132083,0,0,0.009132083,,,
3/17/2020,1.094432083,1.1068045,1.1061675,Long,-0.011735417,1,0,-0.005,,,
3/18/2020,1.078281667,1.0950971,1.094432083,Long,-0.016150417,1,0,-0.005,,,
3/19/2020,1.071109167,1.0818763,1.078281667,Long,-0.0071725,1,0,-0.005,,,
3/20/2020,1.07316125,1.0762091,1.071109167,Long,0.002052083,0,0,0.002052083,,,
3/23/2020,1.080455833,1.0795339,1.07316125,Long,0.007294583,0,0,0.007294583,,,
3/24/2020,1.083349167,1.0852046,1.080455833,Long,0.002893333,0,0,0.002893333,,,
3/25/2020,1.097289167,1.0872718,1.083349167,Long,0.01394,0,1,0.01,,,
3/26/2020,1.10576375,1.099496,1.097289167,Long,0.008474583,0,0,0.008474583,,,
3/27/2020,1.105588333,1.1074644,1.10576375,Long,-0.000175417,0,0,-0.000175417,,,
3/30/2020,1.09997625,1.1079329,1.105588333,Long,-0.005612083,1,0,-0.005,,,
3/31/2020,1.09616,1.103469,1.09997625,Long,-0.00381625,0,0,-0.00381625,,,
4/1/2020,1.0892175,1.10086,1.09616,Long,-0.0069425,1,0,-0.005,,,
4/2/2020,1.081201667,1.0949513,1.0892175,Long,-0.008015833,1,0,-0.005,,,
4/3/2020,1.08025875,1.0871733,1.081201667,Long,-0.000942917,0,0,-0.000942917,,,
4/6/2020,1.08691,1.0859609,1.08025875,Long,0.00665125,0,0,0.00665125,,,
4/7/2020,1.086346667,1.0911276,1.08691,Long,-0.000563333,0,0,-0.000563333,,,
4/8/2020,1.0896375,1.0907309,1.086346667,Long,0.003290833,0,0,0.003290833,,,
4/9/2020,1.092327917,1.0921309,1.0896375,Long,0.002690417,0,0,0.002690417,,,
4/13/2020,1.095715833,1.0959085,1.092327917,Long,0.003387917,0,0,0.003387917,,,
4/14/2020,1.092762917,1.0988768,1.095715833,Long,-0.002952917,0,0,-0.002952917,,,
4/15/2020,1.086595,1.0953296,1.092762917,Long,-0.006167917,1,0,-0.005,,,
4/16/2020,1.086200417,1.09269,1.086595,Long,-0.000394583,0,0,-0.000394583,,,
4/17/2020,1.08650375,1.0913475,1.086200417,Long,0.000303333,0,0,0.000303333,,,
4/20/2020,1.084446667,1.092088,1.08650375,Long,-0.002057083,0,0,-0.002057083,,,
4/21/2020,1.084151667,1.0909541,1.084446667,Long,-0.000295,0,0,-0.000295,,,
4/22/2020,1.07949875,1.0900806,1.084151667,Long,-0.004652917,0,0,-0.004652917,,,
4/23/2020,1.07855125,1.0860772,1.07949875,Long,-0.0009475,0,0,-0.0009475,,,
4/24/2020,1.083529583,1.0851232,1.07855125,Long,0.004978333,0,0,0.004978333,,,
4/27/2020,1.083761667,1.0889282,1.083529583,Long,0.000232083,0,0,0.000232083,,,
4/28/2020,1.085718696,1.0898813,1.083761667,Long,0.001957029,0,0,0.001957029,,,
