Date_Time,actual,predicted,previous_day_bo,Long/Short,Profit (pips)
2018-01-30,1.2394479166666663,1.2384632,1.23916875,Short,-0.0002791666666663861
2018-01-31,1.2431133333333333,1.2421172,1.2394479166666663,Long,0.0036654166666669763
2018-02-01,1.2448662499999998,1.2441596,1.2431133333333333,Long,0.0017529166666665486
2018-02-02,1.2475450000000003,1.2465142,1.2448662499999998,Long,0.002678750000000507
2018-02-05,1.2433387500000002,1.242215,1.2475450000000003,Short,0.004206250000000189
2018-02-06,1.2375375,1.2366209,1.2433387500000002,Short,0.005801250000000202
2018-02-07,1.23358625,1.2323574,1.2375375,Short,0.003951249999999851
2018-02-08,1.2257037500000003,1.224874,1.23358625,Short,0.007882499999999792
2018-02-09,1.2251025,1.2241313,1.2257037500000003,Short,0.0006012500000003307
2018-02-12,1.2273641666666668,1.2266684,1.2251025,Long,0.0022616666666668284
2018-02-13,1.2329358333333331,1.2322786,1.2273641666666668,Long,0.005571666666666308
2018-02-14,1.2381037499999998,1.2347238,1.2329358333333331,Long,0.0051679166666667165
2018-02-15,1.247884166666667,1.2471333,1.2381037499999998,Long,0.009780416666667069
2018-02-16,1.24804375,1.246867,1.247884166666667,Short,-0.00015958333333299102
2018-02-20,1.2357941666666667,1.2347709,1.24804375,Short,0.012249583333333147
2018-02-21,1.231785,1.230858,1.2357941666666667,Short,0.004009166666666841
2018-02-22,1.2297733333333334,1.2291348,1.231785,Short,0.002011666666666523
2018-02-23,1.2303220833333337,1.2293191,1.2297733333333334,Short,-0.0005487500000003198
2018-02-26,1.231274166666667,1.2305536,1.2303220833333337,Long,0.0009520833333331868
2018-02-27,1.22930875,1.2282392,1.231274166666667,Short,0.0019654166666669415
2018-02-28,1.221455416666667,1.2206116,1.22930875,Short,0.007853333333333046
2018-03-01,1.2202716666666666,1.2197098,1.221455416666667,Short,0.001183750000000261
2018-03-02,1.22962875,1.2288728,1.2202716666666666,Long,0.009357083333333405
2018-03-05,1.2319391666666666,1.2311049,1.22962875,Long,0.002310416666666537
2018-03-06,1.2374183333333335,1.2367985,1.2319391666666666,Long,0.005479166666666924
2018-03-07,1.24124375,1.2404091,1.2374183333333335,Long,0.00382541666666647
2018-03-08,1.2368491666666668,1.2357138,1.24124375,Short,0.004394583333333202
2018-03-09,1.2308612000000003,1.2300282,1.2368491666666668,Short,0.0059879666666664555
2018-03-12,1.23208125,1.2312645,1.2308612000000003,Long,0.001220049999999695
2018-03-13,1.2356808333333336,1.2349716,1.23208125,Long,0.0035995833333335447
2018-03-14,1.2379995833333333,1.2370766,1.2356808333333336,Long,0.002318749999999703
2018-03-15,1.234614583333333,1.2335029,1.2379995833333333,Short,0.0033850000000001934
2018-03-16,1.2300179166666665,1.229089,1.234614583333333,Short,0.004596666666666582
2018-03-19,1.2300075,1.2292732,1.2300179166666665,Short,1.0416666666568375e-05
2018-03-20,1.2299154166666666,1.2288064,1.2300075,Short,9.208333333332597e-05
2018-03-21,1.2284008333333334,1.2277713,1.2299154166666666,Short,0.0015145833333332082
2018-03-22,1.23317125,1.2321303,1.2284008333333334,Long,0.004770416666666666
2018-03-23,1.23421375,1.2334242,1.23317125,Long,0.0010425000000000573
2018-03-26,1.2407791666666668,1.2402468,1.23421375,Long,0.006565416666666657
2018-03-27,1.242147916666667,1.241124,1.2407791666666668,Long,0.0013687500000001407
2018-03-28,1.2370066666666666,1.235719,1.242147916666667,Short,0.005141250000000319
2018-03-29,1.2310433333333333,1.2300454,1.2370066666666666,Short,0.0059633333333333205
2018-04-02,1.2315395833333334,1.2305079,1.2310433333333333,Short,-0.0004962500000000869
2018-04-03,1.2289170833333332,1.2279607,1.2315395833333334,Short,0.002622500000000194
2018-04-04,1.2283529166666665,1.2274333,1.2289170833333332,Short,0.0005641666666666989
2018-04-05,1.2257429166666665,1.2247238,1.2283529166666665,Short,0.002610000000000001
2018-04-06,1.2255858333333334,1.2246817,1.2257429166666665,Short,0.00015708333333308566
2018-04-09,1.2295058333333333,1.2286711,1.2255858333333334,Long,0.0039199999999999235
2018-04-10,1.2335354166666666,1.2327254,1.2295058333333333,Long,0.004029583333333253
2018-04-11,1.2369029166666667,1.2360219,1.2335354166666666,Long,0.00336750000000019
2018-04-12,1.2341279166666663,1.2330618,1.2369029166666667,Short,0.002775000000000416
2018-04-13,1.2328150000000004,1.2318864,1.2341279166666663,Short,0.0013129166666658865
2018-04-16,1.236036666666667,1.2360001,1.2328150000000004,Long,0.003221666666666456
2018-04-17,1.2372174999999996,1.2362204,1.236036666666667,Long,0.0011808333333327425
2018-04-18,1.2375383333333334,1.2366354,1.2372174999999996,Short,-0.00032083333333376984
2018-04-19,1.2363587500000002,1.2354022,1.2375383333333334,Short,0.001179583333333234
2018-04-20,1.2307075,1.2297018,1.2363587500000002,Short,0.005651250000000108
2018-04-23,1.2238558333333334,1.2229638,1.2307075,Short,0.0068516666666667
2018-04-24,1.2217804166666668,1.2211252,1.2238558333333334,Short,0.002075416666666552
2018-04-25,1.2194191666666667,1.2187114,1.2217804166666668,Short,0.0023612500000000924
2018-04-26,1.2150220833333332,1.214329,1.2194191666666667,Short,0.004397083333333551
2018-04-27,1.2101737499999998,1.2097266,1.2150220833333332,Short,0.004848333333333343
2018-04-30,1.2101116666666667,1.2094787,1.2101737499999998,Short,6.208333333312943e-05
2018-05-01,1.2031379166666667,1.2024484,1.2101116666666667,Short,0.006973750000000001
2018-05-02,1.198491666666667,1.197884,1.2031379166666667,Short,0.004646249999999741
2018-05-03,1.19800625,1.1975864,1.198491666666667,Short,0.00048541666666701566
2018-05-04,1.1965595833333331,1.1953797,1.19800625,Short,0.0014466666666668182
2018-05-07,1.1933945833333333,1.192669,1.1965595833333331,Short,0.0031649999999998624
2018-05-08,1.1886583333333334,1.1877022,1.1933945833333333,Short,0.004736249999999886
2018-05-09,1.18563875,1.1847653,1.1886583333333334,Short,0.0030195833333332978
2018-05-10,1.1888141666666667,1.1882191,1.18563875,Long,0.003175416666666653
2018-05-11,1.1932287500000005,1.1926222,1.1888141666666667,Long,0.004414583333333777
2018-05-14,1.1961866666666665,1.1955642,1.1932287500000005,Long,0.002957916666666005
2018-05-15,1.1886758333333336,1.1876915,1.1961866666666665,Short,0.007510833333332911
2018-05-16,1.1812754166666666,1.1802621,1.1886758333333336,Short,0.00740041666666702
2018-05-17,1.1804941666666666,1.1795026,1.1812754166666666,Short,0.0007812499999999556
2018-05-18,1.178586666666667,1.1775,1.1804941666666666,Short,0.0019074999999997289
2018-05-21,1.1760016666666668,1.1749672,1.178586666666667,Short,0.0025850000000000595
2018-05-22,1.1786975000000002,1.1776907,1.1760016666666668,Long,0.0026958333333333417
2018-05-23,1.1724441666666665,1.1710835,1.1786975000000002,Short,0.006253333333333666
2018-05-24,1.1719154166666668,1.1707987,1.1724441666666665,Short,0.0005287499999997447
2018-05-25,1.16891375,1.1674736,1.1719154166666668,Short,0.0030016666666667913
2018-05-29,1.1573454166666666,1.1556375,1.16891375,Short,0.011568333333333403
2018-05-30,1.160677916666667,1.1595644,1.1573454166666666,Long,0.0033325000000004046
2018-05-31,1.1679620833333335,1.1667429,1.160677916666667,Long,0.007284166666666536
2018-06-01,1.1675808333333333,1.1658185,1.1679620833333335,Short,0.0003812500000002217
2018-06-04,1.169809583333333,1.1686825,1.1675808333333333,Long,0.0022287499999997795
2018-06-05,1.1695604166666669,1.1684198,1.169809583333333,Short,0.0002491666666661896
2018-06-06,1.1754583333333333,1.1745366,1.1695604166666669,Long,0.005897916666666392
2018-06-07,1.1806675,1.1797228,1.1754583333333333,Long,0.005209166666666709
2018-06-08,1.1787914285714287,1.1779408,1.1806675,Short,0.0018760714285712687
2018-06-11,1.1791604166666667,1.1781288,1.1787914285714287,Short,-0.0003689880952379987
2018-06-12,1.1770654166666663,1.1756914,1.1791604166666667,Short,0.002095000000000402
2018-06-13,1.1763916666666667,1.1757917,1.1770654166666663,Short,0.0006737499999995844
2018-06-14,1.1716650000000002,1.1775436,1.1763916666666667,Long,-0.004726666666666546
2018-06-15,1.158829583333333,1.1574476,1.1716650000000002,Short,0.012835416666667099
2018-06-18,1.160043333333333,1.1587739,1.158829583333333,Short,-0.0012137500000000134
2018-06-19,1.1586970833333334,1.1571176,1.160043333333333,Short,0.0013462499999996602
2018-06-20,1.157685,1.1561635,1.1586970833333334,Short,0.0010120833333333579
2018-06-21,1.1576708333333334,1.1562499,1.157685,Short,1.4166666666648453e-05
2018-06-22,1.16399375,1.1627779,1.1576708333333334,Long,0.0063229166666665115
2018-06-25,1.167166666666667,1.1660339,1.16399375,Long,0.0031729166666669695
2018-06-26,1.167555,1.1661384,1.167166666666667,Short,-0.0003883333333329908
2018-06-27,1.1613629166666664,1.1596489,1.167555,Short,0.006192083333333542
2018-06-28,1.15674625,1.1551646,1.1613629166666664,Short,0.004616666666666269
2018-06-29,1.1644491666666668,1.1634088,1.15674625,Long,0.00770291666666667
2018-07-02,1.1633729166666666,1.1618993,1.1644491666666668,Short,0.0010762500000001118
2018-07-03,1.1648695833333331,1.1635585,1.1633729166666666,Long,0.0014966666666664796
2018-07-05,1.1684429166666668,1.1672056,1.1648695833333331,Long,0.0035733333333336503
2018-07-06,1.1719987499999998,1.1709647,1.1684429166666668,Long,0.0035558333333329806
2018-07-09,1.17592875,1.1747091,1.1719987499999998,Long,0.003930000000000211
2018-07-10,1.1735079166666669,1.1721686,1.17592875,Short,0.0024208333333330945
2018-07-11,1.1710825,1.1701531,1.1735079166666669,Short,0.0024254166666668464
2018-07-12,1.1673933333333333,1.1660165,1.1710825,Short,0.0036891666666667433
2018-07-13,1.16587625,1.1644583,1.1673933333333333,Short,0.0015170833333333356
2018-07-16,1.1701004166666666,1.1699498,1.16587625,Long,0.0042241666666666955
2018-07-17,1.1694408333333337,1.1680002,1.1701004166666666,Short,0.000659583333332936
2018-07-18,1.1638808333333337,1.1624641,1.1694408333333337,Short,0.005560000000000009
2018-07-19,1.1626733333333334,1.1612543,1.1638808333333337,Short,0.00120750000000025
2018-07-20,1.1681975,1.1671102,1.1626733333333334,Long,0.005524166666666552
2018-07-23,1.1712270833333334,1.1698911,1.1681975,Long,0.0030295833333333633
2018-07-24,1.1688725000000002,1.1675177,1.1712270833333334,Short,0.00235458333333316
2018-07-25,1.1695366666666664,1.16835,1.1688725000000002,Short,-0.0006641666666662438
2018-07-26,1.1693620833333334,1.1678305,1.1695366666666664,Short,0.00017458333333308929
2018-07-27,1.164667083333333,1.1633132,1.1693620833333334,Short,0.004695000000000338
2018-07-30,1.1684233333333334,1.1672612,1.164667083333333,Long,0.0037562500000003496
2018-07-31,1.1708541666666668,1.1695154,1.1684233333333334,Long,0.002430833333333382
2018-08-01,1.1676,1.1662486,1.1708541666666668,Short,0.00325416666666678
2018-08-02,1.1622241666666668,1.1605438,1.1676,Short,0.005375833333333135
2018-08-03,1.158122916666667,1.15659,1.1622241666666668,Short,0.004101249999999945
2018-08-06,1.15557,1.1539998,1.158122916666667,Short,0.0025529166666669045
2018-08-07,1.1582858333333337,1.1568623,1.15557,Long,0.002715833333333695
2018-08-08,1.1603729166666668,1.1589651,1.1582858333333337,Long,0.002087083333333073
2018-08-09,1.1579358333333334,1.1561537,1.1603729166666668,Short,0.0024370833333333675
2018-08-10,1.1451979166666668,1.1431185,1.1579358333333334,Short,0.012737916666666571
2018-08-13,1.1392495833333334,1.1373863,1.1451979166666668,Short,0.005948333333333444
2018-08-14,1.1382675000000002,1.136142,1.1392495833333334,Short,0.0009820833333331613
2018-08-15,1.1331029166666668,1.138034,1.1382675000000002,Short,0.005164583333333361
2018-08-16,1.1372091666666666,1.1353815,1.1331029166666668,Long,0.004106249999999756
2018-08-17,1.1400637500000002,1.1384386,1.1372091666666666,Long,0.002854583333333549
2018-08-20,1.1438241666666666,1.1422594,1.1400637500000002,Long,0.0037604166666664884
2018-08-21,1.153469583333333,1.1521324,1.1438241666666666,Long,0.009645416666666407
2018-08-22,1.15866125,1.1572034,1.153469583333333,Long,0.0051916666666669276
2018-08-23,1.1559441666666666,1.1541831,1.15866125,Short,0.0027170833333334254
2018-08-24,1.1587191666666667,1.1575316,1.1559441666666666,Long,0.002775000000000194
2018-08-27,1.1643883333333334,1.1630957,1.1587191666666667,Long,0.005669166666666614
2018-08-28,1.1695624999999998,1.168188,1.1643883333333334,Long,0.00517416666666648
2018-08-29,1.1686341666666669,1.1687076,1.1695624999999998,Short,0.0009283333333329757
2018-08-30,1.1682075000000005,1.1666852,1.1686341666666669,Short,0.0004266666666663532
2018-08-31,1.164026666666667,1.1624143,1.1682075000000005,Short,0.004180833333333522
2018-09-04,1.1578787499999998,1.1562529,1.164026666666667,Short,0.006147916666667141
2018-09-05,1.1601191666666668,1.1587418,1.1578787499999998,Long,0.0022404166666669667
2018-09-06,1.1629291666666666,1.1614429,1.1601191666666668,Long,0.002809999999999757
2018-09-07,1.1597479166666669,1.1580427,1.1629291666666666,Short,0.0031812499999996913
2018-09-10,1.1576470833333332,1.1561618,1.1597479166666669,Short,0.0021008333333336626
2018-09-11,1.1595029166666666,1.1579312,1.1576470833333332,Long,0.0018558333333333898
2018-09-12,1.1602966666666668,1.1588595,1.1595029166666666,Short,-0.0007937500000001485
2018-09-13,1.165169583333333,1.1639477,1.1602966666666668,Long,0.004872916666666338
2018-09-14,1.16713125,1.1654689,1.165169583333333,Long,0.0019616666666668614
2018-09-17,1.166102083333333,1.1647441,1.16713125,Short,0.0010291666666668586
2018-09-18,1.1682754166666665,1.1668956,1.166102083333333,Long,0.0021733333333333604
2018-09-19,1.1676883333333332,1.1662815,1.1682754166666665,Short,0.0005870833333332381
2018-09-20,1.1726579166666664,1.1716652,1.1676883333333332,Long,0.004969583333333194
2018-09-21,1.1763070833333331,1.1750183,1.1726579166666664,Long,0.0036491666666667033
2018-09-24,1.17542125,1.1741719,1.1763070833333331,Short,0.0008858333333330304
2018-09-25,1.1761666666666668,1.1749078,1.17542125,Short,-0.0007454166666667206
2018-09-26,1.1754091666666666,1.1741335,1.1761666666666668,Short,0.0007575000000001886
2018-09-27,1.1695441666666666,1.1678054,1.1754091666666666,Short,0.005865000000000009
2018-09-28,1.1616366666666669,1.1599083,1.1695441666666666,Short,0.007907499999999734
2018-10-01,1.1590275,1.1573164,1.1616366666666669,Short,0.0026091666666667734
2018-10-02,1.1547733333333332,1.1530015,1.1590275,Short,0.004254166666666892
2018-10-03,1.154216666666667,1.1522087,1.1547733333333332,Short,0.0005566666666663167
2018-10-04,1.1495583333333332,1.1478457,1.154216666666667,Short,0.004658333333333653
2018-10-05,1.1511979166666666,1.149095,1.1495583333333332,Short,-0.001639583333333361
2018-10-09,1.1478179166666662,1.1459682,1.1511979166666666,Short,0.0033800000000003827
2018-10-10,1.1513020833333332,1.1495693,1.1478179166666662,Long,0.0034841666666669546
2018-10-11,1.1565620833333334,1.1550977,1.1513020833333332,Long,0.0052600000000002645
2018-10-12,1.1574475000000002,1.1557264,1.1565620833333334,Short,-0.0008854166666667496
2018-10-15,1.1572695833333333,1.1556714,1.1574475000000002,Short,0.00017791666666688855
2018-10-16,1.1580450000000002,1.1563374,1.1572695833333333,Short,-0.0007754166666669171
2018-10-17,1.1541204166666663,1.1521142,1.1580450000000002,Short,0.0039245833333338975
2018-10-18,1.1489441666666669,1.146944,1.1541204166666663,Short,0.005176249999999438
2018-10-19,1.1478595833333334,1.1461058,1.1489441666666669,Short,0.0010845833333334998
2018-10-22,1.14920625,1.1472244,1.1478595833333334,Short,-0.0013466666666666072
2018-10-23,1.14672375,1.1448034,1.14920625,Short,0.002482499999999943
2018-10-24,1.1421933333333334,1.1400464,1.14672375,Short,0.004530416666666648
2018-10-25,1.1393474999999995,1.1372155,1.1421933333333334,Short,0.0028458333333338803
2018-10-26,1.137167619047619,1.1352658,1.1393474999999995,Short,0.0021798809523805307
2018-10-29,1.13868625,1.1366472,1.137167619047619,Short,-0.0015186309523809172
2018-10-30,1.1363325,1.1341784,1.13868625,Short,0.0023537499999999323
2018-10-31,1.1331129166666667,1.1308148,1.1363325,Short,0.0032195833333332757
2018-11-01,1.1375191666666666,1.1357746,1.1331129166666667,Long,0.004406249999999945
2018-11-02,1.14082347826087,1.138821,1.1375191666666666,Long,0.003304311594203302
2018-11-05,1.1391362500000002,1.1371286,1.14082347826087,Short,0.0016872282608697553
2018-11-06,1.14118375,1.1392238,1.1391362500000002,Long,0.002047499999999758
2018-11-07,1.14581875,1.1437159,1.14118375,Long,0.004635000000000167
2018-11-08,1.141268333333333,1.1389978,1.14581875,Short,0.004550416666667001
2018-11-09,1.1342354166666668,1.1320044,1.141268333333333,Short,0.007032916666666278
2018-11-13,1.12550125,1.1233529,1.1342354166666668,Short,0.008734166666666932
2018-11-14,1.1299075,1.12762,1.12550125,Long,0.004406250000000167
2018-11-15,1.1319100000000002,1.148241,1.1299075,Long,0.002002500000000129
2018-11-16,1.1365808333333332,1.1348089,1.1319100000000002,Long,0.004670833333332958
2018-11-19,1.1426270833333334,1.140897,1.1365808333333332,Long,0.006046250000000253
2018-11-20,1.1416458333333332,1.1395066,1.1426270833333334,Short,0.0009812500000001556
2018-11-21,1.138596666666667,1.1367221,1.1416458333333332,Short,0.0030491666666663253
2018-11-23,1.1368129166666667,1.1346081,1.138596666666667,Short,0.001783750000000195
2018-11-26,1.1345029166666667,1.1324059,1.1368129166666667,Short,0.0023100000000000342
2018-11-27,1.1312375,1.1290169,1.1345029166666667,Short,0.0032654166666667983
2018-11-28,1.1306595833333333,1.1286724,1.1312375,Short,0.0005779166666666224
2018-11-29,1.1377241666666666,1.1357841,1.1306595833333333,Long,0.007064583333333374
2018-11-30,1.1360562499999998,1.1337155,1.1377241666666666,Short,0.0016679166666668799
2018-12-03,1.1348650000000002,1.1327666,1.1360562499999998,Short,0.001191249999999533
2018-12-04,1.1367779166666665,1.1346368,1.1348650000000002,Short,-0.0019129166666662645
2018-12-06,1.1355750000000002,1.1335647,1.1367779166666665,Short,0.001202916666666276
2018-12-07,1.1382837499999998,1.1363022,1.1355750000000002,Long,0.0027087499999995934
2018-12-10,1.1398895833333331,1.1377901,1.1382837499999998,Short,-0.0016058333333333064
2018-12-11,1.1352325,1.1332325,1.1398895833333331,Short,0.004657083333333034
2018-12-12,1.1344604166666663,1.1324589,1.1352325,Short,0.000772083333333784
2018-12-13,1.136474166666667,1.1343963,1.1344604166666663,Short,-0.0020137500000005915
2018-12-14,1.13182375,1.1292524,1.136474166666667,Short,0.00465041666666699
2018-12-17,1.13298,1.1310326,1.13182375,Short,-0.0011562500000001918
2018-12-18,1.136224583333333,1.1343098,1.13298,Long,0.0032445833333329954
2018-12-19,1.139499583333333,1.1375679,1.136224583333333,Long,0.003274999999999917
2018-12-20,1.1428816666666666,1.141122,1.139499583333333,Long,0.003382083333333563
2018-12-21,1.14179125,1.1395706,1.1428816666666666,Short,0.0010904166666665382
2018-12-24,1.1397086363636364,1.1378306,1.14179125,Short,0.0020826136363636394
2018-12-27,1.1400066666666666,1.1383111,1.1397086363636364,Short,-0.0002980303030302167
2018-12-28,1.1448287499999998,1.1430256,1.1400066666666666,Long,0.004822083333333227
2018-12-31,1.144138181818182,1.1423321,1.1448287499999998,Short,0.0006905681818178966
2019-01-02,1.1407091666666664,1.1381497,1.144138181818182,Short,0.003429015151515502
2019-01-03,1.1370095833333334,1.1352359,1.1407091666666664,Short,0.0036995833333330896
2019-01-04,1.1398016666666668,1.1378303,1.1370095833333334,Long,0.0027920833333334727
2019-01-07,1.144415833333333,1.1427408,1.1398016666666668,Long,0.004614166666666142
2019-01-08,1.1446433333333337,1.1426082,1.144415833333333,Short,-0.00022750000000071324
2019-01-09,1.1486041666666666,1.1471322,1.1446433333333337,Long,0.003960833333332969
2019-01-10,1.1529545833333334,1.1511246,1.1486041666666666,Long,0.004350416666666801
2019-01-11,1.1502870833333334,1.148344,1.1529545833333334,Short,0.002667500000000045
2019-01-14,1.1468816666666666,1.1450601,1.1502870833333334,Short,0.0034054166666668273
2019-01-15,1.1442283333333334,1.1421114,1.1468816666666666,Short,0.0026533333333331743
2019-01-16,1.1399825,1.1381004,1.1442283333333334,Short,0.004245833333333504
2019-01-17,1.1390179166666667,1.1370873,1.1399825,Short,0.0009645833333331577
2019-01-18,1.1384020833333337,1.1364281,1.1390179166666667,Short,0.0006158333333330379
2019-01-22,1.1359791666666668,1.1340008,1.1384020833333337,Short,0.002422916666666941
2019-01-23,1.1369883333333333,1.1351154,1.1359791666666668,Short,-0.0010091666666665056
2019-01-24,1.1349350000000002,1.1326088,1.1369883333333333,Short,0.0020533333333330184
2019-01-25,1.1354975,1.1337907,1.1349350000000002,Short,-0.0005624999999997993
2019-01-28,1.14183875,1.1400242,1.1354975,Long,0.006341249999999965
2019-01-29,1.14297625,1.1411263,1.14183875,Short,-0.0011375000000000135
2019-01-30,1.1438566666666663,1.142163,1.14297625,Short,-0.0008804166666662727
2019-01-31,1.1477849999999998,1.1458648,1.1438566666666663,Long,0.0039283333333335335
2019-02-01,1.14557875,1.1437604,1.1477849999999998,Short,0.002206249999999743
2019-02-04,1.1442183333333331,1.1423601,1.14557875,Short,0.0013604166666669748
2019-02-05,1.1420354166666669,1.140119,1.1442183333333331,Short,0.002182916666666257
2019-02-06,1.1385937499999998,1.1365427,1.1420354166666669,Short,0.0034416666666670093
2019-02-07,1.1350583333333333,1.1329827,1.1385937499999998,Short,0.0035354166666665687
2019-02-08,1.1333191666666664,1.1312836,1.1350583333333333,Short,0.001739166666666847
2019-02-11,1.1301745833333334,1.1280196,1.1333191666666664,Short,0.0031445833333330064
2019-02-12,1.1295025,1.1276495,1.1301745833333334,Short,0.0006720833333333509
2019-02-13,1.1306483333333333,1.1284304,1.1295025,Short,-0.0011458333333331794
2019-02-14,1.128048333333333,1.1260446,1.1306483333333333,Short,0.0026000000000001577
2019-02-15,1.1281145833333337,1.1260233,1.128048333333333,Short,-6.625000000060055e-05
2019-02-19,1.1313925000000002,1.1294355,1.1281145833333337,Long,0.003277916666666547
2019-02-20,1.1345254166666665,1.1325059,1.1313925000000002,Long,0.0031329166666662633
2019-02-21,1.1340458333333334,1.1319766,1.1345254166666665,Short,0.000479583333333089
2019-02-22,1.1338137499999998,1.1317942,1.1340458333333334,Short,0.000232083333333577
2019-02-25,1.1350608333333334,1.1331315,1.1338137499999998,Short,-0.0012470833333335651
2019-02-26,1.1367466666666666,1.1348122,1.1350608333333334,Short,-0.0016858333333331643
2019-02-27,1.138030833333333,1.1361024,1.1367466666666666,Short,-0.0012841666666665308
2019-02-28,1.1382016666666666,1.1363127,1.138030833333333,Short,-0.0001708333333334533
2019-03-01,1.1371995833333333,1.135263,1.1382016666666666,Short,0.0010020833333332924
2019-03-04,1.13458875,1.132469,1.1371995833333333,Short,0.002610833333333229
2019-03-05,1.1320333333333334,1.1299071,1.13458875,Short,0.002555416666666588
2019-03-06,1.1304062499999998,1.1284294,1.1320333333333334,Short,0.001627083333333612
2019-03-07,1.126734583333333,1.1243119,1.1304062499999998,Short,0.0036716666666667397
2019-03-08,1.1217376000000003,1.1194229,1.126734583333333,Short,0.004996983333332761
2019-03-11,1.1239458333333334,1.1252881,1.1217376000000003,Long,0.0022082333333330872
2019-03-12,1.1272758333333333,1.1253,1.1239458333333334,Long,0.003329999999999833
2019-03-13,1.1300662499999998,1.1281924,1.1272758333333333,Long,0.002790416666666573
2019-03-14,1.1310937499999998,1.1290773,1.1300662499999998,Short,-0.001027499999999959
2019-03-15,1.1318966666666666,1.1299515,1.1310937499999998,Short,-0.0008029166666667642
2019-03-18,1.1337491666666664,1.1318167,1.1318966666666666,Short,-0.0018524999999998126
2019-03-19,1.1348045833333331,1.1329087,1.1337491666666664,Short,-0.001055416666666753
2019-03-20,1.1365991666666666,1.1347928,1.1348045833333331,Short,-0.0017945833333334882
2019-03-21,1.1393854166666666,1.1371894,1.1365991666666666,Long,0.00278624999999999
2019-03-22,1.1325358333333333,1.1302712,1.1393854166666666,Short,0.006849583333333298
2019-03-25,1.1308145833333334,1.128942,1.1325358333333333,Short,0.0017212499999998965
2019-03-26,1.129765416666667,1.1276584,1.1308145833333334,Short,0.0010491666666663235
2019-03-27,1.12604,1.1239039,1.129765416666667,Short,0.0037254166666671473
2019-03-28,1.1238595833333334,1.1218104,1.12604,Short,0.0021804166666665736
2019-03-29,1.1226300000000002,1.120594,1.1238595833333334,Short,0.0012295833333331174
2019-04-01,1.1223870833333336,1.1203148,1.1226300000000002,Short,0.00024291666666664824
2019-04-02,1.1200145833333333,1.1179991,1.1223870833333336,Short,0.0023725000000003327
2019-04-03,1.1232375,1.1213413,1.1200145833333333,Long,0.003222916666666853
2019-04-04,1.1228637500000005,1.1207647,1.1232375,Short,0.00037374999999961744
2019-04-05,1.122280416666667,1.120218,1.1228637500000005,Short,0.0005833333333336022
2019-04-08,1.1244204166666665,1.1224698,1.122280416666667,Long,0.0021399999999995867
2019-04-09,1.1267895833333337,1.1247928,1.1244204166666665,Long,0.0023691666666671996
2019-04-10,1.1265695833333331,1.1233826,1.1267895833333337,Short,0.0002200000000005531
2019-04-11,1.1269145833333334,1.1249826,1.1265695833333331,Short,-0.00034500000000026176
2019-04-12,1.1297204166666666,1.1278439,1.1269145833333334,Long,0.002805833333333174
2019-04-15,1.1307245833333337,1.1287332,1.1297204166666666,Short,-0.001004166666667139
2019-04-16,1.1295866666666667,1.1275238,1.1307245833333337,Short,0.0011379166666669605
2019-04-17,1.1300508333333334,1.128124,1.1295866666666667,Short,-0.0004641666666667099
2019-04-18,1.1259741666666665,1.1258106,1.1300508333333334,Short,0.0040766666666669504
2019-04-22,1.1249091666666666,1.1229779,1.1259741666666665,Short,0.0010649999999998716
2019-04-23,1.1234304166666664,1.1212838,1.1249091666666666,Short,0.0014787500000001952
2019-04-24,1.1193858333333335,1.11706,1.1234304166666664,Short,0.004044583333332907
2019-04-25,1.1142033333333337,1.1120425,1.1193858333333335,Short,0.005182499999999868
2019-04-26,1.11438,1.1123582,1.1142033333333337,Short,-0.00017666666666626973
2019-04-29,1.1163866666666664,1.1144823,1.11438,Long,0.00200666666666649
2019-04-30,1.1202966666666667,1.1183946,1.1163866666666664,Long,0.003910000000000302
2019-05-01,1.1220679166666665,1.1200467,1.1202966666666667,Short,-0.00177124999999978
2019-05-02,1.1192291666666667,1.1170918,1.1220679166666665,Short,0.002838749999999779
2019-05-03,1.1174012499999997,1.1151592,1.1192291666666667,Short,0.0018279166666670399
2019-05-06,1.1192954166666664,1.1173263,1.1174012499999997,Short,-0.0018941666666667523
2019-05-07,1.1193754166666663,1.1173306,1.1192954166666664,Short,-7.999999999985796e-05
2019-05-08,1.119799166666667,1.1177931,1.1193754166666663,Short,-0.00042375000000061114
2019-05-09,1.1204683333333332,1.1185037,1.119799166666667,Short,-0.0006691666666662766
2019-05-10,1.1231866666666666,1.1212629,1.1204683333333332,Long,0.002718333333333378
2019-05-13,1.1233245833333332,1.1213715,1.1231866666666666,Short,-0.0001379166666666265
2019-05-14,1.1222608333333337,1.1202453,1.1233245833333332,Short,0.0010637499999994748
2019-05-15,1.1202658333333335,1.1183134,1.1222608333333337,Short,0.001995000000000191
2019-05-16,1.11939,1.1173126,1.1202658333333335,Short,0.000875833333333409
2019-05-17,1.116897916666667,1.1148995,1.11939,Short,0.0024920833333330616
2019-05-20,1.1161458333333332,1.1142141,1.116897916666667,Short,0.000752083333333875
2019-05-21,1.1157895833333331,1.1138244,1.1161458333333332,Short,0.0003562500000000579
2019-05-22,1.1158458333333334,1.1138704,1.1157895833333331,Short,-5.6250000000312994e-05
2019-05-23,1.1156155000000003,1.1137216,1.1158458333333334,Short,0.00023033333333311035
2019-05-24,1.119338333333333,1.1174667,1.1156155000000003,Long,0.0037228333333327868
2019-05-28,1.1179645833333332,1.1159286,1.119338333333333,Short,0.0013737499999999514
2019-05-29,1.1149666666666669,1.1129487,1.1179645833333332,Short,0.002997916666666267
2019-05-30,1.1134333333333335,1.1114947,1.1149666666666669,Short,0.0015333333333333865
2019-05-31,1.1148166666666668,1.1131583,1.1134333333333335,Short,-0.001383333333333292
2019-06-03,1.1200054166666666,1.1183202,1.1148166666666668,Long,0.005188749999999853
2019-06-04,1.1249975,1.1231731,1.1200054166666666,Long,0.0049920833333334524
2019-06-05,1.1253370833333334,1.1234117,1.1249975,Short,-0.00033958333333328206
2019-06-06,1.1254125,1.1236451,1.1253370833333334,Short,-7.541666666655011e-05
2019-06-07,1.1294737500000005,1.1278002,1.1254125,Long,0.004061250000000571
2019-06-10,1.13093875,1.1291239,1.1294737500000005,Short,-0.0014649999999996055
2019-06-11,1.131895833333333,1.1301203,1.13093875,Short,-0.0009570833333329976
2019-06-12,1.1316079166666668,1.1296864,1.131895833333333,Short,0.0002879166666662769
2019-06-13,1.1284991666666666,1.126682,1.1316079166666668,Short,0.0031087500000002155
2019-06-14,1.1247058333333333,1.1227232,1.1284991666666666,Short,0.0037933333333333152
2019-06-17,1.1220316666666668,1.120264,1.1247058333333333,Short,0.002674166666666533
2019-06-18,1.1207962500000002,1.118907,1.1220316666666668,Short,0.0012354166666666
2019-06-19,1.1208054166666666,1.119117,1.1207962500000002,Short,-9.166666666393652e-06
2019-06-20,1.12836625,1.126677,1.1208054166666666,Long,0.007560833333333461
2019-06-21,1.1323195833333333,1.1307493,1.12836625,Long,0.003953333333333253
2019-06-24,1.1387166666666668,1.137,1.1323195833333333,Long,0.006397083333333553
2019-06-25,1.13855625,1.1366718,1.1387166666666668,Short,0.00016041666666688492
2019-06-26,1.1364745833333334,1.1347258,1.13855625,Short,0.0020816666666665373
2019-06-27,1.1366858333333336,1.1348672,1.1364745833333334,Short,-0.0002112500000002182
2019-06-28,1.1372870833333335,1.1354892,1.1366858333333336,Short,-0.0006012499999998866
2019-07-01,1.1322533333333331,1.1302633,1.1372870833333335,Short,0.005033750000000392
2019-07-02,1.12915,1.1273514,1.1322533333333331,Short,0.0031033333333330138
2019-07-03,1.1284666666666665,1.1266762,1.12915,Short,0.0006833333333335911
2019-07-05,1.1250316666666669,1.1230464,1.1284666666666665,Short,0.003434999999999633
2019-07-08,1.1220233333333332,1.1202111,1.1250316666666669,Short,0.0030083333333337237
2019-07-09,1.12079375,1.1189643,1.1220233333333332,Short,0.0012295833333331174
2019-07-10,1.1230154166666664,1.1213852,1.12079375,Long,0.0022216666666663443
2019-07-11,1.1263258333333332,1.1243818,1.1230154166666664,Long,0.003310416666666871
2019-07-12,1.1261816666666669,1.124473,1.1263258333333332,Short,0.0001441666666663899
2019-07-15,1.1266775000000002,1.124851,1.1261816666666669,Short,-0.000495833333333362
2019-07-16,1.1232162499999998,1.1202177,1.1266775000000002,Short,0.0034612500000004154
2019-07-17,1.121743333333333,1.1200466,1.1232162499999998,Short,0.0014729166666667126
2019-07-18,1.1237616666666663,1.1220795,1.121743333333333,Long,0.002018333333333233
2019-07-19,1.12392625,1.1220071,1.1237616666666663,Short,-0.0001645833333336899
2019-07-22,1.1215420833333334,1.1196885,1.12392625,Short,0.0023841666666666317
2019-07-23,1.1173291666666667,1.1154245,1.1215420833333334,Short,0.004212916666666677
2019-07-24,1.114301666666667,1.1125419,1.1173291666666667,Short,0.0030274999999997387
2019-07-25,1.11404875,1.1123428,1.114301666666667,Short,0.0002529166666669358
2019-07-26,1.11346,1.1116841,1.11404875,Short,0.0005887500000001378
2019-07-29,1.1132204166666666,1.1115291,1.11346,Short,0.00023958333333329307
2019-07-30,1.114610833333333,1.1129539,1.1132204166666666,Short,-0.0013904166666665052
2019-07-31,1.1131666666666666,1.1111641,1.114610833333333,Short,0.0014441666666664688
2019-08-01,1.1055745833333337,1.1037449,1.1131666666666666,Short,0.007592083333332944
2019-08-02,1.10959,1.107866,1.1055745833333337,Long,0.004015416666666383
2019-08-05,1.1163891666666668,1.1150215,1.10959,Long,0.0067991666666666895
2019-08-06,1.1202733333333332,1.1185625,1.1163891666666668,Long,0.0038841666666664665
2019-08-07,1.1206570833333334,1.1190923,1.1202733333333332,Short,-0.00038375000000012705
2019-08-08,1.1201304166666668,1.1185817,1.1206570833333334,Short,0.0005266666666665643
2019-08-09,1.1198541666666668,1.118329,1.1201304166666668,Short,0.0002762499999999779
2019-08-12,1.1204737500000002,1.119304,1.1198541666666668,Short,-0.00061958333333334
2019-08-13,1.11910375,1.1181209,1.1204737500000002,Short,0.0013700000000000934
2019-08-14,1.116167083333333,1.1154017,1.11910375,Short,0.0029366666666670316
2019-08-15,1.11300375,1.1104567,1.116167083333333,Short,0.0031633333333329627
2019-08-16,1.1092783333333334,1.1079578,1.11300375,Short,0.0037254166666667032
2019-08-19,1.1091858333333335,1.107702,1.1092783333333334,Short,9.249999999982883e-05
2019-08-20,1.10870125,1.107367,1.1091858333333335,Short,0.00048458333333356585
2019-08-21,1.109425,1.1079867,1.10870125,Short,-0.000723750000000134
2019-08-22,1.108417083333333,1.1068268,1.109425,Short,0.001007916666666997
2019-08-23,1.10951875,1.1082752,1.108417083333333,Short,-0.0011016666666670005
2019-08-26,1.111955,1.1104732,1.10951875,Long,0.0024362499999999176
2019-08-27,1.1099795833333337,1.109222,1.111955,Short,0.001975416666666341
2019-08-28,1.108430416666667,1.1076441,1.1099795833333337,Short,0.0015491666666667125
2019-08-29,1.1070166666666663,1.1059434,1.108430416666667,Short,0.0014137500000006575
2019-08-30,1.1022291666666664,1.1006804,1.1070166666666663,Short,0.004787499999999945
2019-09-03,1.095209583333333,1.0936646,1.1022291666666664,Short,0.007019583333333301
2019-09-04,1.1005854166666664,1.0992887,1.095209583333333,Long,0.0053758333333333574
2019-09-05,1.1039125,1.1023887,1.1005854166666664,Long,0.003327083333333647
2019-09-06,1.1034316666666666,1.1019553,1.1039125,Short,0.00048083333333348577
2019-09-09,1.103845416666667,1.1023839,1.1034316666666666,Short,-0.0004137500000003236
2019-09-10,1.10427875,1.1025777,1.103845416666667,Short,-0.00043333333333306356
2019-09-11,1.1021474999999998,1.1000121,1.10427875,Short,0.00213125000000014
2019-09-12,1.10289125,1.1018206,1.1021474999999998,Short,-0.000743750000000265
2019-09-13,1.1077241666666666,1.1047841,1.10289125,Long,0.00483291666666652
2019-09-16,1.1037391666666665,1.1017563,1.1077241666666666,Short,0.003985000000000127
2019-09-17,1.10334,1.101696,1.1037391666666665,Short,0.00039916666666650613
2019-09-18,1.1053183333333332,1.1034362,1.10334,Long,0.001978333333333193
2019-09-19,1.1047083333333332,1.1030146,1.1053183333333332,Short,0.0006099999999999994
2019-09-20,1.1033829166666669,1.1016475,1.1047083333333332,Short,0.0013254166666663014
2019-09-23,1.09984625,1.0980606,1.1033829166666669,Short,0.0035366666666669655
2019-09-24,1.09999625,1.0984749,1.09984625,Short,-0.0001500000000000945
2019-09-25,1.0977966666666668,1.0958393,1.09999625,Short,0.002199583333333255
2019-09-26,1.09401,1.0922006,1.0977966666666668,Short,0.003786666666666827
2019-09-27,1.0930799999999998,1.0914013,1.09401,Short,0.0009300000000000974
2019-09-30,1.0916737500000002,1.08986,1.0930799999999998,Short,0.0014062499999996092
2019-10-01,1.0906020833333334,1.088965,1.0916737500000002,Short,0.001071666666666804
2019-10-02,1.0939479166666668,1.0922992,1.0906020833333334,Long,0.003345833333333381
2019-10-03,1.0963229166666666,1.0947787,1.0939479166666668,Long,0.002374999999999794
2019-10-04,1.0976266666666663,1.0954664,1.0963229166666666,Short,-0.0013037499999997149
2019-10-07,1.0979675,1.0963451,1.0976266666666663,Short,-0.0003408333333336788
2019-10-08,1.0969283333333333,1.0953181,1.0979675,Short,0.001039166666666702
2019-10-09,1.097182916666667,1.0956321,1.0969283333333333,Short,-0.0002545833333336134
2019-10-10,1.0985425,1.0969825,1.097182916666667,Short,-0.001359583333333081
2019-10-11,1.1028312500000002,1.1011844,1.0985425,Long,0.004288750000000174
2019-10-15,1.1024787500000002,1.1007278,1.1028312500000002,Short,0.00035249999999997783
2019-10-16,1.10479625,1.1031466,1.1024787500000002,Long,0.0023174999999997503
2019-10-17,1.1102858333333334,1.1087599,1.10479625,Long,0.005489583333333492
2019-10-18,1.1138245833333336,1.1123433,1.1102858333333334,Long,0.003538750000000146
2019-10-21,1.1155358333333334,1.1139419,1.1138245833333336,Long,0.001711249999999831
2019-10-22,1.1139954166666668,1.1123377,1.1155358333333334,Short,0.0015404166666665997
2019-10-23,1.1121912500000002,1.1106039,1.1139954166666668,Short,0.0018041666666666067
2019-10-24,1.1121858333333334,1.1104198,1.1121912500000002,Short,5.4166666667576635e-06
2019-10-25,1.1096116666666664,1.1078832,1.1121858333333334,Short,0.0025741666666669882
2019-10-28,1.1090875,1.1075187,1.1096116666666664,Short,0.0005241666666664369
2019-10-29,1.10980125,1.1081895,1.1090875,Short,-0.0007137500000000685
2019-10-30,1.1119808333333332,1.1103656,1.10980125,Long,0.002179583333333124
2019-10-31,1.1156108333333334,1.1140246,1.1119808333333332,Long,0.003630000000000244
2019-11-01,1.1159521739130434,1.1143544,1.1156108333333334,Short,-0.0003413405797099145
2019-11-04,1.11540375,1.1136142,1.1159521739130434,Short,0.0005484239130433277
2019-11-05,1.1103616666666667,1.108542,1.11540375,Short,0.005042083333333336
2019-11-06,1.10759125,1.1058805,1.1103616666666667,Short,0.002770416666666664
2019-11-07,1.1061195833333335,1.1044283,1.10759125,Short,0.001471666666666538
2019-11-08,1.1035595833333331,1.1018606,1.1061195833333335,Short,0.0025600000000003398
2019-11-12,1.102150416666667,1.1004531,1.1035595833333331,Short,0.0014091666666662395
2019-11-13,1.1008558333333334,1.0977921,1.102150416666667,Short,0.0012945833333335433
2019-11-14,1.1006445833333331,1.098692,1.1008558333333334,Short,0.0002112500000002182
2019-11-15,1.1034833333333334,1.1004441,1.1006445833333331,Short,-0.002838750000000223
2019-11-18,1.1064745833333336,1.1048787,1.1034833333333334,Long,0.002991250000000223
2019-11-19,1.1074120833333334,1.1057498,1.1064745833333336,Short,-0.0009374999999998135
2019-11-20,1.1068675,1.1051321,1.1074120833333334,Short,0.0005445833333335148
2019-11-21,1.1073108333333337,1.1055287,1.1068675,Short,-0.0004433333333337952
2019-11-22,1.104904583333333,1.1030353,1.1073108333333337,Short,0.0024062500000006093
2019-11-25,1.1016658333333331,1.0999038,1.104904583333333,Short,0.003238749999999957
2019-11-26,1.101551666666667,1.0998881,1.1016658333333331,Short,0.00011416666666619335
2019-11-27,1.100685,1.1035509,1.101551666666667,Long,-0.0008666666666670153
2019-11-29,1.1010029166666664,1.0993295,1.100685,Short,-0.00031791666666647345
2019-12-02,1.10379875,1.1023297,1.1010029166666664,Long,0.0027958333333335528
2019-12-03,1.1077962500000005,1.1060882,1.10379875,Long,0.003997500000000542
2019-12-04,1.1079141666666668,1.106182,1.1077962500000005,Short,-0.00011791666666627343
2019-12-05,1.1091375,1.1075097,1.1079141666666668,Short,-0.001223333333333354
2019-12-06,1.1083204166666667,1.1064028,1.1091375,Short,0.0008170833333334127
2019-12-09,1.1063274999999997,1.1046809,1.1083204166666667,Short,0.0019929166666670106
2019-12-10,1.107774166666667,1.1061984,1.1063274999999997,Short,-0.0014466666666672623
2019-12-11,1.109529166666667,1.1064541,1.107774166666667,Short,-0.001754999999999951
2019-12-12,1.1131883333333332,1.1117905,1.109529166666667,Long,0.0036591666666663247
2019-12-13,1.1155958333333331,1.113779,1.1131883333333332,Long,0.002407499999999896
2019-12-16,1.11381625,1.1122944,1.1155958333333331,Short,0.0017795833333331679
2019-12-17,1.11477125,1.1132507,1.11381625,Short,-0.0009550000000000392
2019-12-18,1.1126829166666663,1.1110615,1.11477125,Short,0.0020883333333336918
2019-12-19,1.1124295833333335,1.1108909,1.1126829166666663,Short,0.0002533333333327725
2019-12-20,1.1099387500000002,1.108192,1.1124295833333335,Short,0.002490833333333331
2019-12-23,1.1083491666666667,1.1068205,1.1099387500000002,Short,0.0015895833333334775
2019-12-24,1.1084081818181817,1.1067811,1.1083491666666667,Short,-5.901515151496284e-05
2019-12-26,1.10935375,1.1078169,1.1084081818181817,Short,-0.0009455681818182349
2019-12-27,1.1144670833333337,1.113113,1.10935375,Long,0.005113333333333747
2019-12-30,1.1197683333333333,1.1181997,1.1144670833333337,Long,0.005301249999999591
2019-12-31,1.1215236363636365,1.11989,1.1197683333333333,Long,0.0017553030303032457
2020-01-02,1.1193816666666667,1.1175754,1.1215236363636365,Short,0.002141969696969781
2020-01-03,1.1159199999999998,1.1142478,1.1193816666666667,Short,0.0034616666666669182
2020-01-06,1.1180991666666664,1.1165622,1.1159199999999998,Long,0.002179166666666621
2020-01-07,1.11679,1.1150572,1.1180991666666664,Short,0.0013091666666664725
2020-01-08,1.1131641666666667,1.1113987,1.11679,Short,0.003625833333333217
2020-01-09,1.1109491666666669,1.1092808,1.1131641666666667,Short,0.002214999999999856
2020-01-10,1.1107358333333333,1.1090946,1.1109491666666669,Short,0.0002133333333336207
2020-01-13,1.11269125,1.1111714,1.1107358333333333,Long,0.001955416666666654
2020-01-14,1.1130566666666668,1.111377,1.11269125,Short,-0.00036541666666689565
2020-01-15,1.1140675,1.1124883,1.1130566666666668,Short,-0.0010108333333331831
2020-01-16,1.114649166666667,1.1126432,1.1140675,Short,-0.0005816666666669246
2020-01-17,1.1114441666666668,1.1096694,1.114649166666667,Short,0.0032050000000001244
2020-01-21,1.1094991666666667,1.1077243,1.1114441666666668,Short,0.0019450000000000855
2020-01-22,1.1084166666666668,1.1067125,1.1094991666666667,Short,0.0010824999999998752
2020-01-23,1.1073716666666666,1.1055429,1.1084166666666668,Short,0.0010450000000001847
2020-01-24,1.1038608333333333,1.1020213,1.1073716666666666,Short,0.003510833333333352
2020-01-27,1.1023116666666666,1.1007152,1.1038608333333333,Short,0.0015491666666667125
2020-01-28,1.101505416666667,1.0998429,1.1023116666666666,Short,0.0008062499999996753
2020-01-29,1.1007266666666666,1.0991265,1.101505416666667,Short,0.0007787500000002723
2020-01-30,1.1021429166666663,1.1006448,1.1007266666666666,Short,-0.0014162499999996747
2020-01-31,1.10494625,1.1036186,1.1021429166666663,Long,0.002803333333333713
2020-02-03,1.1068462500000005,1.1053324,1.10494625,Long,0.0019000000000004569
2020-02-04,1.1050029166666666,1.1034105,1.1068462500000005,Short,0.001843333333333863
2020-02-05,1.10199,1.1001537,1.1050029166666666,Short,0.0030129166666665874
2020-02-06,1.09906,1.0973691,1.10199,Short,0.002930000000000099
2020-02-07,1.096247083333333,1.0945051,1.09906,Short,0.0028129166666668315
2020-02-10,1.0936470833333332,1.091894,1.096247083333333,Short,0.0025999999999999357
2020-02-11,1.0913795833333333,1.0896815,1.0936470833333332,Short,0.002267499999999867
2020-02-12,1.090132916666667,1.0882316,1.0913795833333333,Short,0.0012466666666663961
2020-02-13,1.0860745833333334,1.0841534,1.090132916666667,Short,0.004058333333333497
2020-02-14,1.083985416666667,1.0821085,1.0860745833333334,Short,0.0020891666666664754
2020-02-18,1.08169375,1.0797036,1.083985416666667,Short,0.002291666666667025
2020-02-19,1.079755833333333,1.0767887,1.08169375,Short,0.0019379166666668723
2020-02-20,1.0795887500000003,1.0776192,1.079755833333333,Short,0.00016708333333270708
2020-02-21,1.0814745833333332,1.0799241,1.0795887500000003,Long,0.0018858333333329202
2020-02-24,1.0833595833333334,1.0816463,1.0814745833333332,Long,0.0018850000000001366
2020-02-25,1.0858683333333334,1.0843273,1.0833595833333334,Long,0.0025087500000000595
2020-02-26,1.0876629166666667,1.086041,1.0858683333333334,Long,0.0017945833333332661
2020-02-27,1.0947349999999996,1.0939934,1.0876629166666667,Long,0.007072083333332868
2020-02-28,1.1004762499999998,1.1012709,1.0947349999999996,Long,0.005741250000000253
2020-03-02,1.1099991666666666,1.1120552,1.1004762499999998,Long,0.009522916666666825
2020-03-03,1.1143495833333332,1.110556,1.1099991666666666,Long,0.004350416666666579
2020-03-04,1.1145145833333334,1.115978,1.1143495833333332,Long,0.00016500000000019277
2020-03-05,1.1172370833333332,1.122117,1.1145145833333334,Long,0.002722499999999739
2020-03-06,1.1287995999999998,1.142912,1.1172370833333332,Long,0.011562516666666633
2020-03-09,1.1420624999999998,1.1497713,1.1287995999999998,Long,0.013262899999999966
2020-03-10,1.1349995833333335,1.1500952,1.1420624999999998,Long,-0.007062916666666252
2020-03-11,1.1308829166666667,1.1422813,1.1349995833333335,Long,-0.004116666666666768
2020-03-12,1.1230866666666668,1.1308073,1.1308829166666667,Short,0.007796249999999949
2020-03-13,1.1149516666666666,1.1196743,1.1230866666666668,Short,0.008135000000000225
2020-03-16,1.1152595833333334,1.1250224,1.1149516666666666,Long,0.000307916666666852
2020-03-17,1.1067849999999997,1.1060901,1.1152595833333334,Short,0.00847458333333373
2020-03-18,1.0947370833333336,1.0923014,1.1067849999999997,Short,0.012047916666666048
2020-03-19,1.0794925000000002,1.0751636,1.0947370833333336,Short,0.01524458333333345
2020-03-20,1.07101,1.067038,1.0794925000000002,Short,0.00848250000000017
2020-03-23,1.0728529166666667,1.0704293,1.07101,Short,-0.001842916666666694
2020-03-24,1.080313333333333,1.0793216,1.0728529166666667,Long,0.007460416666666303
2020-03-25,1.082979583333333,1.0820265,1.080313333333333,Long,0.002666250000000092
2020-03-26,1.0966191666666665,1.0986038,1.082979583333333,Long,0.013639583333333372
2020-03-27,1.1053037499999998,1.1115791,1.0966191666666665,Long,0.008684583333333329
2020-03-30,1.106039166666667,1.1114283,1.1053037499999998,Long,0.0007354166666670992
2020-03-31,1.0999920833333334,1.1026716,1.106039166666667,Short,0.006047083333333481
2020-04-01,1.0964699999999998,1.1012036,1.0999920833333334,Long,-0.003522083333333592
2020-04-02,1.08966,1.0922878,1.0964699999999998,Short,0.006809999999999761
2020-04-03,1.0813837500000003,1.0817623,1.08966,Short,0.008276249999999763
2020-04-06,1.0802995833333335,1.0803262,1.0813837500000003,Short,0.0010841666666667749
2020-04-07,1.0865116666666668,1.0875607,1.0802995833333335,Long,0.006212083333333229
2020-04-08,1.0864900000000002,1.08604,1.0865116666666668,Short,2.1666666666586565e-05
2020-04-09,1.0893891666666669,1.0887736,1.0864900000000002,Long,0.002899166666666675
2020-04-13,1.0923795833333334,1.0928426,1.0893891666666669,Long,0.002990416666666551
2020-04-14,1.0954508333333337,1.0966101,1.0923795833333334,Long,0.003071250000000303
2020-04-15,1.0930975,1.094241,1.0954508333333337,Short,0.0023533333333336515
2020-04-16,1.0867845833333334,1.0890199,1.0930975,Short,0.006312916666666668
2020-04-17,1.0861583333333331,1.0869613,1.0867845833333334,Long,-0.0006262500000002724
2020-04-20,1.086505,1.0881944,1.0861583333333331,Long,0.00034666666666693935
2020-04-21,1.0844804166666664,1.087001,1.086505,Long,-0.0020245833333336627
2020-04-22,1.0843541666666665,1.0857214,1.0844804166666664,Long,-0.0001262499999998834
2020-04-23,1.0796208333333333,1.0806699,1.0843541666666665,Short,0.004733333333333256
2020-04-24,1.0783666666666665,1.0795739,1.0796208333333333,Short,0.0012541666666667783
2020-04-27,1.0835095833333332,1.0844066,1.0783666666666665,Long,0.005142916666666775
2020-04-28,1.0837125,1.085718,1.0835095833333332,Long,0.00020291666666683028
2020-04-29,1.0855391304347826,1.0876365,1.0837125,Long,0.0018266304347824835
