Date,actual,predicted,previous_day_bo,Long/Short,Profit (pips)
2020-05-05,1.0906,1.0955352,1.1094,Short,0.018799999999999928
2020-05-06,1.0838,1.0850468,1.0906,Short,0.006799999999999917
2020-05-07,1.0796,1.079061,1.0838,Short,0.004200000000000204
2020-05-08,1.0833,1.0798286,1.0796,Long,0.0037000000000000366
2020-05-11,1.0971,1.0838381,1.0833,Long,0.013800000000000034
2020-05-12,1.0807,1.0837451,1.0971,Short,0.01639999999999997
2020-05-13,1.0848,1.0823144,1.0807,Long,0.0040999999999999925
2020-05-14,1.0819,1.0828062,1.0848,Short,0.0028999999999999027
2020-05-15,1.0805,1.0790287,1.0819,Short,0.0014000000000000679
2020-05-18,1.0817,1.08064,1.0805,Long,0.0012000000000000899
2020-05-19,1.0916,1.0863652,1.0817,Long,0.009899999999999798
2020-05-20,1.0922,1.0925103,1.0916,Long,0.000600000000000156
2020-05-21,1.098,1.0954863,1.0922,Long,0.005800000000000027
2020-05-22,1.095,1.0958755,1.098,Short,0.0030000000000001137
2020-05-26,1.0899,1.0904613,1.095,Short,0.005099999999999882
2020-05-27,1.0981,1.0944752,1.0899,Long,0.008199999999999985
2020-05-28,1.101,1.0981859,1.0981,Long,0.0028999999999999027
2020-05-29,1.1077,1.1049223,1.101,Long,0.006699999999999928
2020-06-01,1.1099,1.1112237,1.1077,Long,0.002200000000000202
2020-06-02,1.1137,1.1137958,1.1099,Long,0.0037999999999998035
2020-06-03,1.1172,1.1168704,1.1137,Long,0.0035000000000000586
2020-06-04,1.1233,1.1229013,1.1172,Long,0.006099999999999994
2020-06-05,1.1337,1.1305158,1.1233,Long,0.010399999999999965
2020-06-08,1.1286,1.1338508,1.1337,Long,-0.005099999999999882
2020-06-09,1.1294,1.1307563,1.1286,Long,0.0007999999999999119
2020-06-10,1.1341,1.1328373,1.1294,Long,0.0047000000000001485
2020-06-11,1.138,1.1407651,1.1341,Long,0.0038999999999997925
2020-06-12,1.1298,1.1378938,1.138,Short,0.008199999999999985
2020-06-15,1.1257,1.1290034,1.1298,Short,0.0040999999999999925
2020-06-16,1.1323,1.1319758,1.1257,Long,0.006600000000000161
2020-06-17,1.1262,1.1304373,1.1323,Short,0.006099999999999994
2020-06-18,1.1244,1.1263045,1.1262,Long,-0.0018000000000000238
2020-06-19,1.1205,1.1232656,1.1244,Short,0.0039000000000000146
2020-06-22,1.1179,1.1215047,1.1205,Long,-0.0026000000000001577
2020-06-23,1.126,1.125094,1.1179,Long,0.008099999999999996
2020-06-24,1.1307,1.1320313,1.126,Long,0.0047000000000001485
2020-06-25,1.1251,1.1302775,1.1307,Short,0.005600000000000049
2020-06-26,1.122,1.1244141,1.1251,Short,0.0030999999999998806
2020-06-29,1.122,1.1245931,1.122,Long,0.0
2020-06-30,1.1241,1.1273369,1.122,Long,0.0020999999999999908
2020-07-01,1.1235,1.1252896,1.1241,Long,-0.000600000000000156
2020-07-02,1.1251,1.125903,1.1235,Long,0.0016000000000000458
2020-07-06,1.1249,1.1296464,1.1251,Long,-0.00019999999999997797
2020-07-07,1.1308,1.1325998,1.1249,Long,0.005900000000000016
2020-07-08,1.1274,1.1324555,1.1308,Long,-0.0034000000000000696
2020-07-09,1.1332,1.135038,1.1274,Long,0.005800000000000027
2020-07-10,1.1284,1.1355478,1.1332,Long,-0.0047999999999999154
2020-07-13,1.13,1.1333244,1.1284,Long,0.0015999999999998238
2020-07-14,1.1344,1.1387931,1.13,Long,0.0044000000000001815
2020-07-15,1.14,1.1485113,1.1344,Long,0.005599999999999827
2020-07-16,1.141,1.1436795,1.14,Long,0.001000000000000112
2020-07-17,1.1383,1.1442525,1.141,Long,-0.0026999999999999247
2020-07-20,1.1429,1.1435142,1.1383,Long,0.0045999999999999375
2020-07-21,1.1449,1.1436629,1.1429,Long,0.0020000000000000018
2020-07-22,1.1527,1.1452643,1.1449,Long,0.007800000000000029
2020-07-23,1.1569,1.1469539,1.1527,Short,-0.0041999999999999815
2020-07-24,1.1597,1.1433343,1.1569,Short,-0.0027999999999999137
2020-07-27,1.1657,1.1417774,1.1597,Short,-0.006000000000000005
2020-07-28,1.1751,1.1414925,1.1657,Short,-0.009400000000000075
2020-07-29,1.1719,1.1380244,1.1751,Short,0.0032000000000000917
2020-07-30,1.1793,1.1379371,1.1719,Short,-0.007400000000000073
2020-07-31,1.1849,1.1334217,1.1793,Short,-0.005600000000000049
2020-08-03,1.1779,1.133977,1.1849,Short,0.007000000000000117
2020-08-04,1.1764,1.1367694,1.1779,Short,0.0015000000000000568
2020-08-05,1.1802,1.1320118,1.1764,Short,-0.0038000000000000256
2020-08-06,1.1865,1.1340555,1.1802,Short,-0.006300000000000194
2020-08-07,1.1879,1.1328715,1.1865,Short,-0.0013999999999998458
2020-08-10,1.1787,1.1391951,1.1879,Short,0.009199999999999875
2020-08-11,1.1737,1.139448,1.1787,Short,0.0050000000000001155
2020-08-12,1.1741,1.1473526,1.1737,Short,-0.00039999999999995595
2020-08-13,1.1784,1.1600024,1.1741,Short,-0.0042999999999999705
2020-08-14,1.1816,1.1529688,1.1784,Short,-0.0032000000000000917
2020-08-17,1.1844,1.1551577,1.1816,Short,-0.0027999999999999137
2020-08-18,1.1871,1.1510013,1.1844,Short,-0.0027000000000001467
2020-08-19,1.1931,1.1476403,1.1871,Short,-0.006000000000000005
2020-08-20,1.1841,1.1512007,1.1931,Short,0.009000000000000119
2020-08-21,1.1863,1.1472179,1.1841,Short,-0.0021999999999999797
2020-08-24,1.1798,1.1459085,1.1863,Short,0.00649999999999995
2020-08-25,1.179,1.146821,1.1798,Short,0.0007999999999999119
2020-08-26,1.1834,1.1509229,1.179,Short,-0.0043999999999999595
2020-08-27,1.183,1.1523943,1.1834,Short,0.00039999999999995595
2020-08-28,1.1823,1.1627423,1.183,Short,0.000700000000000145
2020-08-31,1.1905,1.1604375,1.1823,Short,-0.008199999999999985
2020-09-01,1.1936,1.1567434,1.1905,Short,-0.0031000000000001027
2020-09-02,1.1913,1.1511786,1.1936,Short,0.0022999999999999687
2020-09-03,1.1851,1.1481109,1.1913,Short,0.006199999999999983
2020-09-04,1.1851,1.1453396,1.1851,Short,0.0
2020-09-08,1.1814,1.160223,1.1851,Short,0.0037000000000000366
2020-09-09,1.1776,1.1546061,1.1814,Short,0.0038000000000000256
2020-09-10,1.1805,1.15753,1.1776,Short,-0.0029000000000001247
2020-09-11,1.1814,1.1557142,1.1805,Short,-0.0008999999999999009
2020-09-14,1.1843,1.162477,1.1814,Short,-0.0028999999999999027
2020-09-15,1.1865,1.1521538,1.1843,Short,-0.002200000000000202
2020-09-16,1.1847,1.1522255,1.1865,Short,0.0018000000000000238
2020-09-17,1.1818,1.1546385,1.1847,Short,0.0029000000000001247
2020-09-18,1.1848,1.1542047,1.1818,Short,-0.0030000000000001137
2020-09-21,1.184,1.1552233,1.1848,Short,0.0008000000000001339
2020-09-22,1.1769,1.1543952,1.184,Short,0.007099999999999884
2020-09-23,1.1709,1.15525,1.1769,Short,0.006000000000000005
2020-09-24,1.166,1.156369,1.1709,Short,0.0049000000000001265
2020-09-25,1.1668,1.1550287,1.166,Short,-0.0008000000000001339
2020-09-28,1.1632,1.1554486,1.1668,Short,0.0036000000000000476
2020-09-29,1.1667,1.155963,1.1632,Short,-0.0035000000000000586
2020-09-30,1.1745,1.1535033,1.1667,Short,-0.007800000000000029
2020-10-01,1.1721,1.1568621,1.1745,Short,0.0024000000000001798
2020-10-02,1.1745,1.1557535,1.1721,Short,-0.0024000000000001798
2020-10-05,1.1716,1.161646,1.1745,Short,0.0029000000000001247
2020-10-06,1.1784,1.1671141,1.1716,Short,-0.006799999999999917
2020-10-07,1.1736,1.1658301,1.1784,Short,0.0047999999999999154
2020-10-08,1.1764,1.1706163,1.1736,Short,-0.0027999999999999137
2020-10-09,1.1763,1.1674033,1.1764,Short,9.999999999998899e-05
2020-10-13,1.1814,1.166591,1.1763,Short,-0.0051000000000001044
2020-10-14,1.1745,1.1619171,1.1814,Short,0.006899999999999906
2020-10-15,1.1746,1.1636782,1.1745,Short,-9.999999999998899e-05
2020-10-16,1.1706,1.1628758,1.1746,Short,0.0040000000000000036
2020-10-19,1.1717,1.1676013,1.1706,Short,-0.0010999999999998789
2020-10-20,1.1769,1.1658987,1.1717,Short,-0.0052000000000000934
2020-10-21,1.1822,1.1699225,1.1769,Short,-0.00529999999999986
2020-10-22,1.186,1.1720148,1.1822,Short,-0.0038000000000000256
2020-10-23,1.1819,1.1762513,1.186,Short,0.0040999999999999925
2020-10-26,1.1862,1.1736275,1.1819,Short,-0.0042999999999999705
2020-10-27,1.1808,1.1694824,1.1862,Short,0.005399999999999849
2020-10-28,1.1796,1.1666285,1.1808,Short,0.0012000000000000899
2020-10-29,1.1747,1.1677954,1.1796,Short,0.004899999999999904
2020-10-30,1.1675,1.1690128,1.1747,Short,0.007200000000000095
2020-11-02,1.1678,1.1700665,1.1675,Long,0.00029999999999996696
2020-11-03,1.164,1.1682192,1.1678,Long,-0.0038000000000000256
2020-11-04,1.1721,1.1718314,1.164,Long,0.008099999999999996
2020-11-05,1.1724,1.1662276,1.1721,Short,-0.000300000000000189
2020-11-06,1.1829,1.1658801,1.1724,Short,-0.010499999999999954
2020-11-09,1.1873,1.1729056,1.1829,Short,-0.0043999999999999595
2020-11-10,1.1814,1.1824723,1.1873,Short,0.005900000000000016
2020-11-12,1.178,1.1819538,1.1814,Long,-0.0034000000000000696
2020-11-13,1.1806,1.1751572,1.178,Short,-0.0026000000000001577
2020-11-16,1.1833,1.179648,1.1806,Short,-0.0026999999999999247
2020-11-17,1.1854,1.1783284,1.1833,Short,-0.0020999999999999908
2020-11-18,1.1862,1.1733788,1.1854,Short,-0.0007999999999999119
2020-11-19,1.1857,1.1753148,1.1862,Short,0.0004999999999999449
2020-11-20,1.1874,1.171513,1.1857,Short,-0.0017000000000000348
2020-11-23,1.1858,1.166514,1.1874,Short,0.0016000000000000458
2020-11-24,1.1841,1.1705297,1.1858,Short,0.0017000000000000348
2020-11-25,1.1891,1.1738204,1.1841,Short,-0.0050000000000001155
2020-11-27,1.1912,1.1741196,1.1891,Short,-0.0020999999999999908
2020-11-30,1.1965,1.1683902,1.1912,Short,-0.00529999999999986
2020-12-01,1.1926,1.1693021,1.1965,Short,0.0038999999999997925
2020-12-02,1.207,1.1786076,1.1926,Short,-0.014399999999999968
2020-12-03,1.2115,1.1834922,1.207,Short,-0.0044999999999999485
2020-12-04,1.2146,1.1792644,1.2115,Short,-0.0030999999999998806
2020-12-07,1.2123,1.1900862,1.2146,Short,0.0022999999999999687
2020-12-08,1.2111,1.1830311,1.2123,Short,0.0011999999999998678
2020-12-09,1.2105,1.1797816,1.2111,Short,0.000600000000000156
2020-12-10,1.2083,1.1826395,1.2105,Short,0.0021999999999999797
2020-12-11,1.2141,1.1872619,1.2083,Short,-0.005800000000000027
2020-12-14,1.2115,1.1766279,1.2141,Short,0.0025999999999999357
2020-12-15,1.2145,1.1772875,1.2115,Short,-0.0029999999999998916
2020-12-16,1.2153,1.1800661,1.2145,Short,-0.0008000000000001339
2020-12-17,1.22,1.1807419,1.2153,Short,-0.0046999999999999265
2020-12-18,1.227,1.1830453,1.22,Short,-0.007000000000000117
2020-12-21,1.2219,1.1851246,1.227,Short,0.0051000000000001044
2020-12-22,1.2242,1.1839068,1.2219,Short,-0.0022999999999999687
2020-12-23,1.2163,1.1811627,1.2242,Short,0.007900000000000018
2020-12-24,1.2187,1.185555,1.2163,Short,-0.0023999999999999577
2020-12-28,1.219,1.182314,1.2187,Short,-0.000300000000000189
2020-12-29,1.2215,1.1822516,1.219,Short,-0.0024999999999999467
2020-12-30,1.2251,1.1835328,1.2215,Short,-0.0036000000000000476
2020-12-31,1.2301,1.1814415,1.2251,Short,-0.004999999999999893
2021-01-04,1.2242,1.1819557,1.2301,Short,0.005900000000000016
2021-01-05,1.2253,1.1815157,1.2242,Short,-0.001100000000000101
2021-01-06,1.2297,1.1854128,1.2253,Short,-0.0043999999999999595
2021-01-07,1.2329,1.1998386,1.2297,Short,-0.0032000000000000917
2021-01-08,1.2274,1.2041554,1.2329,Short,0.00550000000000006
2021-01-11,1.222,1.2107344,1.2274,Short,0.005400000000000071
2021-01-12,1.2152,1.2099847,1.222,Short,0.006799999999999917
2021-01-13,1.2208,1.2097746,1.2152,Short,-0.005600000000000049
2021-01-14,1.2155,1.2027811,1.2208,Short,0.005300000000000082
2021-01-15,1.2155,1.2105446,1.2155,Short,0.0
2021-01-19,1.2081,1.206449,1.2155,Short,0.007400000000000073
2021-01-20,1.2129,1.2047192,1.2081,Short,-0.0048000000000001375
2021-01-21,1.2107,1.2050774,1.2129,Short,0.0021999999999999797
2021-01-22,1.2167,1.2088951,1.2107,Short,-0.005999999999999783
2021-01-25,1.2168,1.2063469,1.2167,Short,-0.00010000000000021103
2021-01-26,1.2142,1.1995506,1.2168,Short,0.0026000000000001577
2021-01-27,1.2164,1.199463,1.2142,Short,-0.0021999999999999797
2021-01-28,1.211,1.1982025,1.2164,Short,0.005399999999999849
2021-01-29,1.2122,1.2022458,1.211,Short,-0.0011999999999998678
2021-02-01,1.2138,1.2082037,1.2122,Short,-0.0016000000000000458
2021-02-02,1.2062,1.2061566,1.2138,Short,0.007600000000000051
2021-02-03,1.2046,1.205615,1.2062,Short,0.0016000000000000458
2021-02-04,1.2038,1.2059358,1.2046,Long,-0.0007999999999999119
2021-02-05,1.1965,1.2009553,1.2038,Short,0.007300000000000084
2021-02-08,1.2045,1.2054995,1.1965,Long,0.008000000000000007
2021-02-09,1.205,1.2069951,1.2045,Long,0.000500000000000167
2021-02-10,1.212,1.2122506,1.205,Long,0.006999999999999895
2021-02-11,1.2118,1.21477,1.212,Long,-0.00019999999999997797
2021-02-12,1.2131,1.2162911,1.2118,Long,0.0013000000000000789
2021-02-16,1.213,1.2135247,1.2131,Long,-9.999999999998899e-05
2021-02-17,1.2107,1.2133667,1.213,Long,-0.0022999999999999687
2021-02-18,1.2039,1.2114035,1.2107,Long,-0.006800000000000139
2021-02-19,1.2093,1.2084833,1.2039,Long,0.005400000000000071
2021-02-22,1.2121,1.2120862,1.2093,Long,0.0027999999999999137
2021-02-23,1.216,1.2140809,1.2121,Long,0.0039000000000000146
2021-02-24,1.215,1.2157894,1.216,Short,0.0009999999999998899
2021-02-25,1.2167,1.2150949,1.215,Long,0.0016999999999998128
2021-02-26,1.2174,1.2180232,1.2167,Long,0.000700000000000145
2021-03-01,1.2076,1.209896,1.2174,Short,0.009800000000000031
2021-03-02,1.2049,1.205089,1.2076,Short,0.0026999999999999247
2021-03-03,1.2091,1.2050933,1.2049,Long,0.0041999999999999815
2021-03-04,1.2064,1.2065537,1.2091,Short,0.0027000000000001467
2021-03-05,1.197,1.1984652,1.2064,Short,0.009399999999999853
2021-03-08,1.1919,1.1923904,1.197,Short,0.0051000000000001044
2021-03-09,1.1846,1.1857119,1.1919,Short,0.007299999999999862
2021-03-10,1.19,1.1870984,1.1846,Long,0.005399999999999849
2021-03-11,1.193,1.1896695,1.19,Short,-0.0030000000000001137
2021-03-12,1.1987,1.1950748,1.193,Long,0.005700000000000038
2021-03-15,1.1954,1.193927,1.1987,Short,0.0033000000000000806
2021-03-16,1.1929,1.1920692,1.1954,Short,0.0024999999999999467
2021-03-17,1.1904,1.1895746,1.1929,Short,0.0025000000000001688
2021-03-18,1.1979,1.1931475,1.1904,Long,0.007500000000000062
2021-03-19,1.1916,1.1917235,1.1979,Short,0.006299999999999972
2021-03-22,1.1948,1.1886815,1.1916,Short,-0.0032000000000000917
2021-03-23,1.1932,1.1900202,1.1948,Short,0.0016000000000000458
2021-03-24,1.1848,1.1858903,1.1932,Short,0.008399999999999963
2021-03-25,1.1813,1.1810151,1.1848,Short,0.0035000000000000586
2021-03-26,1.1765,1.1766409,1.1813,Short,0.0047999999999999154
2021-03-29,1.1825,1.1771339,1.1765,Long,0.006000000000000005
2021-03-30,1.1766,1.1762905,1.1825,Short,0.005900000000000016
2021-03-31,1.1717,1.1715524,1.1766,Short,0.0049000000000001265
2021-04-01,1.173,1.1712506,1.1717,Short,-0.0013000000000000789
2021-04-02,1.1778,1.174018,1.173,Long,0.0047999999999999154
2021-04-05,1.1764,1.1750376,1.1778,Short,0.0014000000000000679
2021-04-06,1.1814,1.1771579,1.1764,Long,0.0050000000000001155
2021-04-07,1.1872,1.1831945,1.1814,Long,0.005800000000000027
2021-04-08,1.1868,1.186623,1.1872,Short,0.00039999999999995595
2021-04-09,1.1913,1.188627,1.1868,Long,0.0044999999999999485
2021-04-12,1.1901,1.1888072,1.1913,Short,0.0012000000000000899
2021-04-13,1.191,1.1886864,1.1901,Short,-0.0009000000000001229
2021-04-14,1.1948,1.1918682,1.191,Long,0.0038000000000000256
2021-04-15,1.1982,1.1960411,1.1948,Long,0.0033999999999998476
2021-04-16,1.1967,1.1969334,1.1982,Short,0.0014999999999998348
2021-04-19,1.1986,1.19656,1.1967,Short,-0.0019000000000000128
2021-04-20,1.2035,1.1995571,1.1986,Long,0.004899999999999904
2021-04-21,1.2035,1.2037221,1.2035,Long,0.0
2021-04-22,1.2034,1.201717,1.2035,Short,9.999999999998899e-05
2021-04-23,1.2017,1.2015655,1.2034,Short,0.0017000000000000348
2021-04-26,1.2095,1.2060659,1.2017,Long,0.007800000000000029
2021-04-27,1.2086,1.2082957,1.2095,Short,0.0009000000000001229
2021-04-28,1.2092,1.2073282,1.2086,Short,-0.000600000000000156
2021-04-29,1.2127,1.209568,1.2092,Long,0.0034999999999998366
2021-04-30,1.212,1.2116407,1.2127,Short,0.0006999999999999229
2021-05-03,1.2032,1.203878,1.212,Short,0.008799999999999919
2021-05-04,1.2063,1.2041373,1.2032,Long,0.0030999999999998806
2021-05-05,1.2014,1.2015806,1.2063,Short,0.004899999999999904
2021-05-06,1.2006,1.1997324,1.2014,Short,0.0008000000000001339
2021-05-07,1.2062,1.2032596,1.2006,Long,0.005600000000000049
2021-05-10,1.2164,1.2115933,1.2062,Long,0.010199999999999987
2021-05-11,1.213,1.2135671,1.2164,Short,0.0033999999999998476
2021-05-12,1.2148,1.2141894,1.213,Long,0.0018000000000000238
2021-05-13,1.2073,1.2082254,1.2148,Short,0.007500000000000062
2021-05-14,1.2079,1.2073106,1.2073,Long,0.0005999999999999339
2021-05-17,1.2147,1.2110473,1.2079,Long,0.006799999999999917
2021-05-18,1.215,1.2139441,1.2147,Short,-0.000300000000000189
2021-05-19,1.2223,1.2191385,1.215,Long,0.007299999999999862
2021-05-20,1.2178,1.2180359,1.2223,Short,0.0044999999999999485
2021-05-21,1.2228,1.2199169,1.2178,Long,0.0050000000000001155
2021-05-24,1.2182,1.218309,1.2228,Short,0.0046000000000001595
2021-05-25,1.2217,1.219705,1.2182,Long,0.0035000000000000586
2021-05-26,1.2252,1.2236398,1.2217,Long,0.0035000000000000586
2021-05-27,1.2192,1.2203122,1.2252,Short,0.006000000000000005
2021-05-28,1.2194,1.2186407,1.2192,Short,-0.00019999999999997797
2021-06-01,1.2228,1.2168403,1.2194,Short,-0.0034000000000000696
2021-06-02,1.2214,1.2218223,1.2228,Short,0.0014000000000000679
2021-06-03,1.221,1.2192571,1.2214,Short,0.00039999999999995595
2021-06-04,1.2128,1.2140453,1.221,Short,0.008199999999999985
2021-06-07,1.2167,1.215292,1.2128,Long,0.0038999999999997925
2021-06-08,1.219,1.2171655,1.2167,Long,0.0023000000000001908
2021-06-09,1.2173,1.2173355,1.219,Short,0.0017000000000000348
2021-06-10,1.2182,1.2186958,1.2173,Long,0.0008999999999999009
2021-06-11,1.2172,1.2185955,1.2182,Long,-0.0009999999999998899
2021-06-14,1.2106,1.2125677,1.2172,Short,0.006600000000000161
2021-06-15,1.2122,1.2111021,1.2106,Long,0.0016000000000000458
2021-06-16,1.2126,1.2129318,1.2122,Long,0.00039999999999995595
2021-06-17,1.1994,1.202696,1.2126,Short,0.013199999999999878
2021-06-18,1.1907,1.1924762,1.1994,Short,0.00869999999999993
2021-06-21,1.1859,1.187739,1.1907,Short,0.0048000000000001375
2021-06-22,1.1918,1.1890608,1.1859,Long,0.005900000000000016
2021-06-23,1.1943,1.1921552,1.1918,Long,0.0024999999999999467
2021-06-24,1.1927,1.1932244,1.1943,Short,0.0015999999999998238
2021-06-25,1.1934,1.1934296,1.1927,Long,0.0006999999999999229
2021-06-28,1.1933,1.1940874,1.1934,Long,-9.999999999998899e-05
2021-06-29,1.1927,1.1921853,1.1933,Short,0.0005999999999999339
2021-06-30,1.1897,1.1899079,1.1927,Short,0.0030000000000001137
2021-07-01,1.1857,1.1867297,1.1897,Short,0.0040000000000000036
2021-07-02,1.1849,1.1854762,1.1857,Short,0.0007999999999999119
2021-07-06,1.1864,1.1846589,1.1849,Short,-0.0014999999999998348
2021-07-07,1.1825,1.1841377,1.1864,Short,0.0038999999999997925
2021-07-08,1.1789,1.1809057,1.1825,Short,0.0036000000000000476
2021-07-09,1.1846,1.1839626,1.1789,Long,0.005700000000000038
2021-07-12,1.1876,1.1866062,1.1846,Long,0.0029999999999998916
2021-07-13,1.1862,1.1863114,1.1876,Short,0.0014000000000000679
2021-07-14,1.1779,1.1816262,1.1862,Short,0.008299999999999974
2021-07-15,1.1837,1.1828748,1.1779,Long,0.005800000000000027
2021-07-16,1.1812,1.1827384,1.1837,Short,0.0024999999999999467
2021-07-19,1.1804,1.1834024,1.1812,Long,-0.0008000000000001339
2021-07-20,1.1803,1.1815399,1.1804,Long,-9.999999999998899e-05
2021-07-21,1.1781,1.1793853,1.1803,Short,0.0021999999999999797
2021-07-22,1.1797,1.1789408,1.1781,Long,0.0016000000000000458
2021-07-23,1.1772,1.179315,1.1797,Short,0.0024999999999999467
2021-07-26,1.1772,1.1778075,1.1772,Long,0.0
2021-07-27,1.1804,1.1802219,1.1772,Long,0.0031999999999998696
2021-07-28,1.1819,1.1820377,1.1804,Long,0.0015000000000000568
2021-07-29,1.1843,1.1831468,1.1819,Long,0.0023999999999999577
2021-07-30,1.1886,1.1885723,1.1843,Long,0.0043000000000001926
2021-08-02,1.1869,1.1890093,1.1886,Long,-0.0017000000000000348
2021-08-03,1.1871,1.1896597,1.1869,Long,0.00019999999999997797
2021-08-04,1.1866,1.1891278,1.1871,Long,-0.0004999999999999449
2021-08-05,1.1837,1.1876966,1.1866,Long,-0.0029000000000001247
2021-08-06,1.1832,1.185941,1.1837,Long,-0.0004999999999999449
2021-08-09,1.1764,1.1803688,1.1832,Short,0.006800000000000139
2021-08-10,1.1738,1.1751248,1.1764,Short,0.0025999999999999357
2021-08-11,1.1718,1.1726393,1.1738,Short,0.0020000000000000018
2021-08-12,1.1741,1.1733767,1.1718,Long,0.0022999999999999687
2021-08-13,1.173,1.1745921,1.1741,Long,-0.0010999999999998789
2021-08-16,1.1799,1.1782858,1.173,Long,0.006899999999999906
2021-08-17,1.1779,1.1793706,1.1799,Short,0.0020000000000000018
2021-08-18,1.1709,1.1739541,1.1779,Short,0.006999999999999895
2021-08-19,1.1711,1.1722704,1.1709,Long,0.00019999999999997797
2021-08-20,1.1678,1.1696981,1.1711,Short,0.0033000000000000806
2021-08-23,1.1699,1.1701509,1.1678,Long,0.0020999999999999908
2021-08-24,1.1747,1.1741205,1.1699,Long,0.0048000000000001375
2021-08-25,1.1756,1.1760114,1.1747,Long,0.0008999999999999009
2021-08-26,1.1773,1.176129,1.1756,Long,0.0017000000000000348
2021-08-27,1.1751,1.1765548,1.1773,Short,0.0021999999999999797
2021-08-30,1.18,1.1785055,1.1751,Long,0.004899999999999904
2021-08-31,1.1797,1.1809345,1.18,Long,-0.00029999999999996696
2021-09-01,1.181,1.1824577,1.1797,Long,0.0013000000000000789
2021-09-02,1.184,1.1839806,1.181,Long,0.0029999999999998916
2021-09-03,1.1876,1.187465,1.184,Long,0.0036000000000000476
2021-09-07,1.187,1.1893657,1.1876,Long,-0.0005999999999999339
2021-09-08,1.1841,1.1859392,1.187,Short,0.0029000000000001247
2021-09-09,1.1816,1.1830136,1.1841,Short,0.0024999999999999467
2021-09-10,1.1824,1.1836221,1.1816,Long,0.0007999999999999119
2021-09-13,1.1811,1.1843098,1.1824,Long,-0.0012999999999998568
2021-09-14,1.181,1.180898,1.1811,Short,9.999999999998899e-05
2021-09-15,1.1803,1.1831812,1.181,Long,-0.000700000000000145
2021-09-16,1.1819,1.1830114,1.1803,Long,0.0016000000000000458
2021-09-17,1.1763,1.1804558,1.1819,Short,0.005600000000000049
2021-09-20,1.1728,1.1750256,1.1763,Short,0.0034999999999998366
2021-09-21,1.1725,1.1734315,1.1728,Long,-0.00029999999999996696
2021-09-22,1.1726,1.174027,1.1725,Long,9.999999999998899e-05
2021-09-23,1.1689,1.1719084,1.1726,Short,0.0037000000000000366
2021-09-24,1.174,1.1728207,1.1689,Long,0.005099999999999882
2021-09-27,1.1717,1.1723284,1.174,Short,0.0022999999999999687
2021-09-28,1.1698,1.1702648,1.1717,Short,0.0019000000000000128
2021-09-29,1.1683,1.1681381,1.1698,Short,0.0015000000000000568
2021-09-30,1.1599,1.1615857,1.1683,Short,0.008399999999999963
2021-10-01,1.1581,1.157818,1.1599,Short,0.0018000000000000238
2021-10-04,1.1597,1.1583842,1.1581,Long,0.0016000000000000458
2021-10-05,1.1621,1.1611222,1.1597,Long,0.0023999999999999577
2021-10-06,1.16,1.1595788,1.1621,Short,0.0020999999999999908
2021-10-07,1.1558,1.1557353,1.16,Short,0.0041999999999999815
2021-10-08,1.1554,1.1553532,1.1558,Short,0.00039999999999995595
2021-10-12,1.1554,1.157173,1.1554,Long,0.0
2021-10-13,1.1529,1.1537869,1.1554,Short,0.0024999999999999467
2021-10-14,1.1595,1.1554252,1.1529,Long,0.006599999999999939
2021-10-15,1.1599,1.1602529,1.1595,Long,0.00039999999999995595
2021-10-18,1.1601,1.1609465,1.1599,Long,0.00019999999999997797
2021-10-19,1.1612,1.1604149,1.1601,Long,0.001100000000000101
2021-10-20,1.1634,1.1632055,1.1612,Long,0.0021999999999999797
2021-10-21,1.1652,1.1638204,1.1634,Long,0.0018000000000000238
2021-10-22,1.1623,1.1634682,1.1652,Short,0.0028999999999999027
2021-10-25,1.1645,1.1640713,1.1623,Long,0.0021999999999999797
2021-10-26,1.1608,1.1618358,1.1645,Short,0.0037000000000000366
2021-10-27,1.1597,1.160258,1.1608,Short,0.001100000000000101
2021-10-28,1.1604,1.1611767,1.1597,Long,0.000700000000000145
2021-10-29,1.1683,1.1652914,1.1604,Long,0.007899999999999796
2021-11-01,1.1563,1.1590518,1.1683,Short,0.011999999999999789
2021-11-02,1.1606,1.1587642,1.1563,Long,0.0042999999999999705
2021-11-03,1.1581,1.1593713,1.1606,Short,0.0025000000000001688
2021-11-04,1.1614,1.1598265,1.1581,Long,0.0033000000000000806
2021-11-05,1.1555,1.1565872,1.1614,Short,0.005900000000000016
2021-11-08,1.1551,1.1568757,1.1555,Long,-0.00039999999999995595
2021-11-09,1.1588,1.158476,1.1551,Long,0.0037000000000000366
2021-11-10,1.1594,1.1601564,1.1588,Long,0.0005999999999999339
2021-11-12,1.1449,1.1523416,1.1594,Short,0.014499999999999957
2021-11-15,1.1446,1.145215,1.1449,Long,-0.00029999999999996696
2021-11-16,1.1368,1.1392971,1.1446,Short,0.007800000000000029
2021-11-17,1.1321,1.1334194,1.1368,Short,0.0046999999999999265
2021-11-18,1.1321,1.1306571,1.1321,Short,0.0
2021-11-19,1.1372,1.1356357,1.1321,Long,0.005099999999999882
2021-11-22,1.1289,1.1299784,1.1372,Short,0.008299999999999974
2021-11-23,1.1237,1.1255695,1.1289,Short,0.0052000000000000934
2021-11-24,1.1249,1.1252393,1.1237,Long,0.0012000000000000899
2021-11-26,1.1211,1.1215223,1.1249,Short,0.0038000000000000256
2021-11-29,1.1304,1.1284162,1.1211,Long,0.009300000000000086
2021-11-30,1.1293,1.1292909,1.1304,Short,0.001100000000000101
2021-12-01,1.1339,1.1319765,1.1293,Long,0.0045999999999999375
2021-12-02,1.132,1.133359,1.1339,Short,0.0019000000000000128
2021-12-03,1.1301,1.1321466,1.132,Long,-0.0018999999999997907
2021-12-06,1.1316,1.1312281,1.1301,Long,0.0014999999999998348
2021-12-07,1.1285,1.129711,1.1316,Short,0.0030999999999998806
2021-12-08,1.1269,1.1268953,1.1285,Short,0.0016000000000000458
2021-12-09,1.1342,1.1324517,1.1269,Long,0.007300000000000084
2021-12-10,1.1294,1.1311058,1.1342,Short,0.0048000000000001375
2021-12-13,1.1319,1.1307806,1.1294,Long,0.0024999999999999467
2021-12-14,1.1286,1.1294698,1.1319,Short,0.0032999999999998586
2021-12-15,1.126,1.1284206,1.1286,Short,0.0026000000000001577
2021-12-16,1.1286,1.1275438,1.126,Long,0.0026000000000001577
2021-12-17,1.1335,1.132677,1.1286,Long,0.004899999999999904
2021-12-20,1.1241,1.1274933,1.1335,Short,0.009399999999999853
2021-12-21,1.128,1.1274389,1.1241,Long,0.0038999999999997925
2021-12-22,1.1288,1.1288759,1.128,Long,0.0008000000000001339
2021-12-23,1.1325,1.131451,1.1288,Long,0.0037000000000000366
2021-12-27,1.1321,1.1325626,1.1325,Long,-0.00039999999999995595
2021-12-28,1.1326,1.1328624,1.1321,Long,0.0004999999999999449
2021-12-29,1.1308,1.1317037,1.1326,Short,0.0018000000000000238
2021-12-30,1.1352,1.1332237,1.1308,Long,0.0043999999999999595
2021-12-31,1.1324,1.1332392,1.1352,Short,0.0027999999999999137
